Compound Identifier,Dilution,descriptor,predicted_mean,predicted_std
243,"1/100,000",INTENSITY/STRENGTH,42.546122448979595,27.44710776874309
454,"1/100,000",INTENSITY/STRENGTH,25.26571428571427,23.934535514981544
679,1/10,INTENSITY/STRENGTH,44.56704081632655,25.751720937025592
1030,1/10,INTENSITY/STRENGTH,31.259183673469384,24.947914437414124
1060,"1/100,000",INTENSITY/STRENGTH,31.385714285714293,25.60743981479832
2682,1/10,INTENSITY/STRENGTH,54.06459183673467,27.595719931065805
6137,1/10,INTENSITY/STRENGTH,66.95377551020407,25.13455432425916
6386,1/10,INTENSITY/STRENGTH,35.023571428571444,23.086331675257934
6826,"1/100,000",INTENSITY/STRENGTH,28.944897959183667,27.21310385924085
6989,"1/100,000",INTENSITY/STRENGTH,30.534183673469393,25.925193739267375
7047,"1/100,000",INTENSITY/STRENGTH,38.98051020408162,26.13866759975175
7409,"1/100,000",INTENSITY/STRENGTH,36.94357142857144,26.35028097985355
7601,"1/100,000",INTENSITY/STRENGTH,18.0095918367347,25.56008564294305
7632,"1/100,000",INTENSITY/STRENGTH,23.230510204081614,26.904038384050427
7792,"1/100,000",INTENSITY/STRENGTH,24.99846938775509,28.23521031773515
7820,1/10,INTENSITY/STRENGTH,57.91581632653061,26.045171506387756
7826,"1/100,000",INTENSITY/STRENGTH,24.309183673469388,27.37541515062087
8038,"1/100,000",INTENSITY/STRENGTH,24.1219387755102,25.530417334889684
8048,1/10,INTENSITY/STRENGTH,59.78193877551026,25.238847302331443
8051,"1/100,000",INTENSITY/STRENGTH,22.3858163265306,24.842027344833824
8078,1/10,INTENSITY/STRENGTH,54.16010204081633,25.374841232457904
8137,"1/100,000",INTENSITY/STRENGTH,21.41316326530612,24.82910767626432
8159,1/10,INTENSITY/STRENGTH,57.71010204081633,26.3049612589944
8163,1/10,INTENSITY/STRENGTH,62.361122448979586,24.640593573876007
8175,1/10,INTENSITY/STRENGTH,60.41540816326528,26.11040721018461
8180,1/10,INTENSITY/STRENGTH,61.87204081632658,27.461432997102765
8205,"1/100,000",INTENSITY/STRENGTH,14.04520408163266,23.115590670117328
8294,"1/100,000",INTENSITY/STRENGTH,21.290714285714284,24.168226105068992
8452,1/10,INTENSITY/STRENGTH,53.1033673469388,25.14261236757293
8467,1/10,INTENSITY/STRENGTH,59.18428571428576,27.528462108998394
8615,1/10,INTENSITY/STRENGTH,39.231020408163275,27.90570292019725
9024,1/10,INTENSITY/STRENGTH,55.14357142857147,27.174348192330037
10722,"1/100,000",INTENSITY/STRENGTH,42.93173469387756,26.586406374710695
11124,"1/100,000",INTENSITY/STRENGTH,22.96489795918368,24.652990945958187
11419,"1/100,000",INTENSITY/STRENGTH,24.686122448979596,25.273365881416943
12206,"1/100,000",INTENSITY/STRENGTH,22.761326530612244,26.682140917467233
12348,"1/100,000",INTENSITY/STRENGTH,21.48387755102041,24.876511420281982
12748,"1/100,000",INTENSITY/STRENGTH,37.034795918367365,26.39010341255049
13187,"1/100,000",INTENSITY/STRENGTH,18.686020408163262,24.30274892801731
13204,"1/100,000",INTENSITY/STRENGTH,27.103469387755116,24.843146057030644
13216,"1/100,000",INTENSITY/STRENGTH,25.309591836734693,27.622449304653813
13436,"1/100,000",INTENSITY/STRENGTH,56.880204081632655,25.482969251581896
14328,1/10,INTENSITY/STRENGTH,52.16326530612247,27.524606958761957
15606,"1/100,000",INTENSITY/STRENGTH,17.818367346938775,27.01156291072677
22386,"1/100,000",INTENSITY/STRENGTH,23.1777551020408,27.444774312376207
24020,"1/100,000",INTENSITY/STRENGTH,34.7495918367347,27.914043527698205
24473,1/10,INTENSITY/STRENGTH,71.47510204081637,23.695438523313943
31210,"1/100,000",INTENSITY/STRENGTH,16.68775510204082,25.927460194601498
31266,"1/100,000",INTENSITY/STRENGTH,17.67387755102041,26.04847060189281
33032,1/10,INTENSITY/STRENGTH,39.90979591836735,25.92516620485092
61024,"1/100,000",INTENSITY/STRENGTH,12.902448979591844,23.17672947109044
61151,"1/100,000",INTENSITY/STRENGTH,29.795918367346925,26.4807777102521
61155,"1/100,000",INTENSITY/STRENGTH,28.252448979591826,25.591655751156967
61177,"1/100,000",INTENSITY/STRENGTH,22.060612244897953,25.54586020072763
61252,"1/100,000",INTENSITY/STRENGTH,48.41765306122447,25.426931534492866
61771,1/10,INTENSITY/STRENGTH,70.15244897959184,24.884820546329017
62572,"1/100,000",INTENSITY/STRENGTH,26.38040816326531,26.113489591459032
520108,"1/100,000",INTENSITY/STRENGTH,36.18377551020408,26.75008131920115
638024,1/10,INTENSITY/STRENGTH,46.24816326530613,26.86525241636712
641256,"1/100,000",INTENSITY/STRENGTH,27.90030612244898,27.013735091245724
778574,1/10,INTENSITY/STRENGTH,53.611224489795944,25.11473579734002
1549778,"1/100,000",INTENSITY/STRENGTH,19.922551020408154,24.401754670900104
1550470,"1/100,000",INTENSITY/STRENGTH,28.83214285714283,25.38289250189479
5352539,"1/100,000",INTENSITY/STRENGTH,19.00755102040815,24.932185872762098
5355850,"1/100,000",INTENSITY/STRENGTH,19.27326530612244,25.69596238220012
5363233,"1/100,000",INTENSITY/STRENGTH,19.68714285714284,26.033770652968656
5367698,"1/100,000",INTENSITY/STRENGTH,15.43632653061224,23.795191366886307
6114390,"1/100,000",INTENSITY/STRENGTH,17.744489795918366,23.83315876002059
16220109,1/10,INTENSITY/STRENGTH,56.176122448979584,26.548216073250614
243,"1/100,000",VALENCE/PLEASANTNESS,40.39869928123178,23.69568957700358
454,"1/100,000",VALENCE/PLEASANTNESS,46.22240070705406,22.04834112091696
679,1/10,VALENCE/PLEASANTNESS,38.98887092338616,24.165884821348666
1030,1/10,VALENCE/PLEASANTNESS,44.226153463939625,23.39443738563749
1060,"1/100,000",VALENCE/PLEASANTNESS,40.26062339127997,22.281251369888615
2682,1/10,VALENCE/PLEASANTNESS,38.23328871710075,24.127587360442032
6137,1/10,VALENCE/PLEASANTNESS,34.66477670725867,23.66800243664984
6386,1/10,VALENCE/PLEASANTNESS,42.25061178971865,23.515403895456167
6826,"1/100,000",VALENCE/PLEASANTNESS,51.26901647970287,23.41682028553235
6989,"1/100,000",VALENCE/PLEASANTNESS,50.05978252855155,22.96741401355315
7047,"1/100,000",VALENCE/PLEASANTNESS,47.33694720703709,23.598313207373593
7409,"1/100,000",VALENCE/PLEASANTNESS,47.58290678007268,23.346768410477257
7601,"1/100,000",VALENCE/PLEASANTNESS,50.08611349404893,22.911469820888986
7632,"1/100,000",VALENCE/PLEASANTNESS,51.29480617826757,23.499465574997963
7792,"1/100,000",VALENCE/PLEASANTNESS,48.869491374015816,24.02360580091944
7820,1/10,VALENCE/PLEASANTNESS,50.03761495555217,23.17582011833495
7826,"1/100,000",VALENCE/PLEASANTNESS,53.01953728321816,22.72044658726697
8038,"1/100,000",VALENCE/PLEASANTNESS,46.59907129426175,22.886885917682665
8048,1/10,VALENCE/PLEASANTNESS,46.31206399542226,24.19504748252991
8051,"1/100,000",VALENCE/PLEASANTNESS,49.46276598868346,21.96401125002727
8078,1/10,VALENCE/PLEASANTNESS,38.64779645728272,22.886283034740114
8137,"1/100,000",VALENCE/PLEASANTNESS,51.80751203262674,22.08053387534988
8159,1/10,VALENCE/PLEASANTNESS,51.35954966259631,23.64853086077881
8163,1/10,VALENCE/PLEASANTNESS,42.35630656693417,25.01583487129761
8175,1/10,VALENCE/PLEASANTNESS,40.79658089536209,24.078571520762697
8180,1/10,VALENCE/PLEASANTNESS,37.395776462294855,23.21573205533073
8205,"1/100,000",VALENCE/PLEASANTNESS,51.2622847041192,22.719297879334
8294,"1/100,000",VALENCE/PLEASANTNESS,54.36157624908759,22.26352545837723
8452,1/10,VALENCE/PLEASANTNESS,39.09007587784917,23.47478590574109
8467,1/10,VALENCE/PLEASANTNESS,54.268702406035416,23.234559834852043
8615,1/10,VALENCE/PLEASANTNESS,48.525987505140776,22.818245572344555
9024,1/10,VALENCE/PLEASANTNESS,51.1564474010487,23.613343932749103
10722,"1/100,000",VALENCE/PLEASANTNESS,45.953308671281405,24.21087041318287
11124,"1/100,000",VALENCE/PLEASANTNESS,41.52265605120872,23.689106764224647
11419,"1/100,000",VALENCE/PLEASANTNESS,52.890136859288965,23.20619209312372
12206,"1/100,000",VALENCE/PLEASANTNESS,47.96718536307869,22.746662040733742
12348,"1/100,000",VALENCE/PLEASANTNESS,54.119995742431136,22.401794112826465
12748,"1/100,000",VALENCE/PLEASANTNESS,39.57315526108977,23.039109585788225
13187,"1/100,000",VALENCE/PLEASANTNESS,49.5994950093029,22.2948129132398
13204,"1/100,000",VALENCE/PLEASANTNESS,47.91066051610065,23.86786541839575
13216,"1/100,000",VALENCE/PLEASANTNESS,51.892503052799114,23.600721778089845
13436,"1/100,000",VALENCE/PLEASANTNESS,31.454492924010893,23.34118679750022
14328,1/10,VALENCE/PLEASANTNESS,55.887761097435515,23.98704740278562
15606,"1/100,000",VALENCE/PLEASANTNESS,53.46786797280557,22.71257635072324
22386,"1/100,000",VALENCE/PLEASANTNESS,42.23119727780847,23.943002629652796
24020,"1/100,000",VALENCE/PLEASANTNESS,50.8776798095401,23.028462092914484
24473,1/10,VALENCE/PLEASANTNESS,58.034622639394584,23.072659015000344
31210,"1/100,000",VALENCE/PLEASANTNESS,50.04382173008636,23.235727820306952
31266,"1/100,000",VALENCE/PLEASANTNESS,51.81091509763844,22.80470561432411
33032,1/10,VALENCE/PLEASANTNESS,44.09763598247585,23.730633337389136
61024,"1/100,000",VALENCE/PLEASANTNESS,49.72710482281625,21.70805381559368
61151,"1/100,000",VALENCE/PLEASANTNESS,50.65579476806718,23.481803137829377
61155,"1/100,000",VALENCE/PLEASANTNESS,52.39509180777076,23.35336935154035
61177,"1/100,000",VALENCE/PLEASANTNESS,47.99526637404937,22.480984618232768
61252,"1/100,000",VALENCE/PLEASANTNESS,33.648330026831964,23.75510170390607
61771,1/10,VALENCE/PLEASANTNESS,51.20503339014199,24.294885185478787
62572,"1/100,000",VALENCE/PLEASANTNESS,48.783636392729086,23.436388144826395
520108,"1/100,000",VALENCE/PLEASANTNESS,42.41590122352709,23.792481769258707
638024,1/10,VALENCE/PLEASANTNESS,44.02986549037984,22.631212846669342
641256,"1/100,000",VALENCE/PLEASANTNESS,43.39888221649966,24.22351944303735
778574,1/10,VALENCE/PLEASANTNESS,43.604876733369494,23.830790360834804
1549778,"1/100,000",VALENCE/PLEASANTNESS,52.36316741140022,23.694576171827375
1550470,"1/100,000",VALENCE/PLEASANTNESS,53.2912791177233,22.14206630329977
5352539,"1/100,000",VALENCE/PLEASANTNESS,51.51579680526269,22.38799192441719
5355850,"1/100,000",VALENCE/PLEASANTNESS,50.07709281037799,22.995990927009004
5363233,"1/100,000",VALENCE/PLEASANTNESS,51.63267861676561,22.907396213053342
5367698,"1/100,000",VALENCE/PLEASANTNESS,50.49150899662456,22.072696559714565
6114390,"1/100,000",VALENCE/PLEASANTNESS,45.17641580457193,22.844941310758134
16220109,1/10,VALENCE/PLEASANTNESS,47.52017334364135,23.86774237467937
243,"1/100,000",BAKERY,3.6159605499750014,11.06544895069004
454,"1/100,000",BAKERY,1.7101566303218787,7.08821368770951
679,1/10,BAKERY,3.906645062876356,11.38586386804336
1030,1/10,BAKERY,3.882780383508049,10.990689513719596
1060,"1/100,000",BAKERY,3.0828928810295695,10.215547919999027
2682,1/10,BAKERY,1.449678158283088,4.870462488890835
6137,1/10,BAKERY,4.3536574748230406,11.414124731159802
6386,1/10,BAKERY,3.5101402388413687,11.04259320126692
6826,"1/100,000",BAKERY,2.8967633089611424,11.922923610397005
6989,"1/100,000",BAKERY,2.6976489081936292,5.731823776879915
7047,"1/100,000",BAKERY,5.195814301802327,9.54035576270966
7409,"1/100,000",BAKERY,3.3133553736585757,8.965787013705917
7601,"1/100,000",BAKERY,4.364272051291142,11.129163347804472
7632,"1/100,000",BAKERY,2.7446237646374927,6.5517224535690755
7792,"1/100,000",BAKERY,2.5552615956755753,7.754171239747051
7820,1/10,BAKERY,6.177941306515534,10.929271330934451
7826,"1/100,000",BAKERY,2.943160354942849,11.806373820528249
8038,"1/100,000",BAKERY,2.984376111676539,9.611775339230814
8048,1/10,BAKERY,2.0120413509496347,9.678118772985435
8051,"1/100,000",BAKERY,2.2732116224667083,7.5591141199654865
8078,1/10,BAKERY,2.3375046825254007,6.700377341815337
8137,"1/100,000",BAKERY,2.7863974268571297,8.644464100379388
8159,1/10,BAKERY,2.6656259821638257,9.16715198606662
8163,1/10,BAKERY,1.2806628998701255,8.153365489982368
8175,1/10,BAKERY,1.4904646471011014,6.185513630132782
8180,1/10,BAKERY,1.2300773658694404,2.9729897002024575
8205,"1/100,000",BAKERY,2.2143153469083017,9.068950622562916
8294,"1/100,000",BAKERY,2.913607518900308,9.537811329238531
8452,1/10,BAKERY,2.8144154174798888,9.537983132368616
8467,1/10,BAKERY,12.197125718405625,18.958714314463997
8615,1/10,BAKERY,2.036156500668219,6.444571490191034
9024,1/10,BAKERY,4.792144885505921,9.140856227716268
10722,"1/100,000",BAKERY,4.4611245734982665,12.223050357252752
11124,"1/100,000",BAKERY,2.305080829765934,8.829452122368235
11419,"1/100,000",BAKERY,4.352698009213137,10.546473582464596
12206,"1/100,000",BAKERY,2.5987750659947415,9.217995004920118
12348,"1/100,000",BAKERY,2.9817297673009175,10.245640490744416
12748,"1/100,000",BAKERY,3.923558311781246,12.30751271232657
13187,"1/100,000",BAKERY,1.49177725282363,7.617068570093169
13204,"1/100,000",BAKERY,4.057339492385717,12.776659355163943
13216,"1/100,000",BAKERY,3.0782755866617064,7.6635193897490845
13436,"1/100,000",BAKERY,3.4684417128883376,12.391854036828072
14328,1/10,BAKERY,8.906291993647999,15.897680842805404
15606,"1/100,000",BAKERY,2.1685915810917997,9.817918093586051
22386,"1/100,000",BAKERY,2.392462103241466,8.617379724258905
24020,"1/100,000",BAKERY,4.387587885228597,12.43349765037758
24473,1/10,BAKERY,2.7545549400381124,10.125138539240512
31210,"1/100,000",BAKERY,3.9268340833879503,11.454551555181054
31266,"1/100,000",BAKERY,2.2709643978192897,11.65229561150766
33032,1/10,BAKERY,4.647401598773973,11.158828725816551
61024,"1/100,000",BAKERY,2.2886325290724177,9.258028069683798
61151,"1/100,000",BAKERY,3.386158276999312,13.007800659770414
61155,"1/100,000",BAKERY,4.552514562641289,14.81737704343594
61177,"1/100,000",BAKERY,2.332747285438707,10.644161974918635
61252,"1/100,000",BAKERY,3.5860206427911243,9.944698660173636
61771,1/10,BAKERY,3.323810728205947,9.705187360818725
62572,"1/100,000",BAKERY,3.39755183210831,11.344044423772846
520108,"1/100,000",BAKERY,5.355926516996235,14.380974145391512
638024,1/10,BAKERY,2.16667786054631,7.920181270907933
641256,"1/100,000",BAKERY,2.5061207216540367,9.034529395545093
778574,1/10,BAKERY,1.8989844261366031,8.12961672596707
1549778,"1/100,000",BAKERY,3.537766593241589,8.87451422779116
1550470,"1/100,000",BAKERY,3.7788523585426423,12.58072920636059
5352539,"1/100,000",BAKERY,2.783613802202193,9.636627906190164
5355850,"1/100,000",BAKERY,3.658403193582558,10.853261921028636
5363233,"1/100,000",BAKERY,2.1244356114302305,8.78836460680706
5367698,"1/100,000",BAKERY,3.16985862417558,9.274980676974758
6114390,"1/100,000",BAKERY,2.999188660113879,8.73049937557584
16220109,1/10,BAKERY,2.3725525785651715,9.909692927833635
243,"1/100,000",SWEET,8.972599361276503,19.745384102696477
454,"1/100,000",SWEET,9.829937020035045,14.598871511753709
679,1/10,SWEET,9.88056609567202,16.34622077514449
1030,1/10,SWEET,10.963339681728804,17.412670920069548
1060,"1/100,000",SWEET,7.542713482318264,15.556803872863036
2682,1/10,SWEET,9.077426547548562,14.561330761825245
6137,1/10,SWEET,10.868749739736655,13.150105291865936
6386,1/10,SWEET,9.755110788355967,17.703326334890246
6826,"1/100,000",SWEET,15.51452169063304,23.7814530966112
6989,"1/100,000",SWEET,11.199558122329544,15.001465858934983
7047,"1/100,000",SWEET,10.831873694371902,17.349669267184673
7409,"1/100,000",SWEET,11.20663947011296,20.370753191461827
7601,"1/100,000",SWEET,14.381382482494086,20.467074897267313
7632,"1/100,000",SWEET,13.004081466158848,18.08347411559864
7792,"1/100,000",SWEET,11.25213287572534,17.142014073769364
7820,1/10,SWEET,23.16385645830769,20.099582735251577
7826,"1/100,000",SWEET,17.709435651919353,26.31967351020553
8038,"1/100,000",SWEET,11.369470164913372,20.092227889828337
8048,1/10,SWEET,18.05411005945936,25.64303523604879
8051,"1/100,000",SWEET,11.596779094997032,20.328496243362174
8078,1/10,SWEET,8.65850716368525,15.098107280509636
8137,"1/100,000",SWEET,13.987552515160846,18.55073245476121
8159,1/10,SWEET,22.210979245148607,26.29160681748632
8163,1/10,SWEET,12.300393241661393,19.335464826769744
8175,1/10,SWEET,10.878404026916536,16.16958471591623
8180,1/10,SWEET,8.864289997358496,10.964403261927403
8205,"1/100,000",SWEET,11.833458076926895,19.397725495238948
8294,"1/100,000",SWEET,17.08488399847775,19.921459613105817
8452,1/10,SWEET,9.105102339614804,18.152756159725666
8467,1/10,SWEET,25.986707527545253,26.75458798164035
8615,1/10,SWEET,12.649682700962098,21.5257863184274
9024,1/10,SWEET,18.827538257256013,21.343369315845113
10722,"1/100,000",SWEET,12.054137351111468,22.868571568242196
11124,"1/100,000",SWEET,8.48582517643945,16.364308801523563
11419,"1/100,000",SWEET,16.691332784626645,20.73233162501741
12206,"1/100,000",SWEET,12.581018352742996,20.649279690170225
12348,"1/100,000",SWEET,16.950895741420673,25.940748042663145
12748,"1/100,000",SWEET,8.34246754258575,17.02603646754691
13187,"1/100,000",SWEET,11.755103618763291,20.17907780748197
13204,"1/100,000",SWEET,12.100842270734011,22.04840759266433
13216,"1/100,000",SWEET,13.207174798738915,17.563938299710237
13436,"1/100,000",SWEET,4.955312059661918,13.710722117866784
14328,1/10,SWEET,24.51109269959516,24.739285732360216
15606,"1/100,000",SWEET,15.552245835325468,22.873199405207583
22386,"1/100,000",SWEET,7.955349038566312,17.67788752552312
24020,"1/100,000",SWEET,18.72206028755672,23.77831588307657
24473,1/10,SWEET,24.048025817610796,26.34035318470814
31210,"1/100,000",SWEET,12.56816326358239,20.895092420715898
31266,"1/100,000",SWEET,14.012383497547855,22.705341296370044
33032,1/10,SWEET,11.250863259207312,17.700483022964747
61024,"1/100,000",SWEET,9.167185226501754,17.076416604635686
61151,"1/100,000",SWEET,14.678826160990887,24.77831538929274
61155,"1/100,000",SWEET,15.924501517112974,23.177701066956775
61177,"1/100,000",SWEET,12.31701642610802,23.607374714023265
61252,"1/100,000",SWEET,6.3419093230316195,11.194435232434127
61771,1/10,SWEET,17.31785000520648,23.81261946585871
62572,"1/100,000",SWEET,13.39981191941584,20.395982666554605
520108,"1/100,000",SWEET,9.305481456686646,19.62775216360161
638024,1/10,SWEET,11.011849268144683,19.749079065112024
641256,"1/100,000",SWEET,9.557293142986948,17.546498567183164
778574,1/10,SWEET,11.575886249931502,21.237792509399732
1549778,"1/100,000",SWEET,14.911772216094985,20.110516402415954
1550470,"1/100,000",SWEET,18.650530599830255,24.33143969918359
5352539,"1/100,000",SWEET,14.19166202573136,22.607011260236064
5355850,"1/100,000",SWEET,12.921032832145478,21.143976861710563
5363233,"1/100,000",SWEET,13.8247061961686,20.70418767603704
5367698,"1/100,000",SWEET,12.64023990477072,18.82086791013413
6114390,"1/100,000",SWEET,10.00553614874162,19.088697058274697
16220109,1/10,SWEET,15.587124127859845,22.587971452606727
243,"1/100,000",FRUIT,2.6363818922453226,11.122355745374286
454,"1/100,000",FRUIT,4.212613066851676,8.956992624795012
679,1/10,FRUIT,2.2852274936315,8.099628819765963
1030,1/10,FRUIT,2.9348997525140716,7.807134149494612
1060,"1/100,000",FRUIT,2.4425071303008647,7.126168154336042
2682,1/10,FRUIT,4.308563251940569,11.04091447426376
6137,1/10,FRUIT,4.098262459359329,5.980057106101196
6386,1/10,FRUIT,2.533090683973051,8.298102629523724
6826,"1/100,000",FRUIT,5.637098662591527,15.08246546351416
6989,"1/100,000",FRUIT,3.6457825509351296,7.865929277949175
7047,"1/100,000",FRUIT,2.9142290109638584,6.906958349232444
7409,"1/100,000",FRUIT,3.0952943939878317,11.159236553672413
7601,"1/100,000",FRUIT,4.635761262216338,7.329843031860683
7632,"1/100,000",FRUIT,4.603456431591347,10.283766309988982
7792,"1/100,000",FRUIT,4.6955480730352495,10.657447008102572
7820,1/10,FRUIT,10.043066155220684,13.470417361165662
7826,"1/100,000",FRUIT,7.905116417441792,19.738426274043363
8038,"1/100,000",FRUIT,4.18983921860782,9.663338961744042
8048,1/10,FRUIT,10.281284551171796,20.57714805955344
8051,"1/100,000",FRUIT,4.051940283371968,9.98592378506454
8078,1/10,FRUIT,2.994668982775063,7.991591195632688
8137,"1/100,000",FRUIT,6.684328615155148,12.271270100551632
8159,1/10,FRUIT,13.370908735493014,21.716535860251884
8163,1/10,FRUIT,6.031462623224715,13.622076005985663
8175,1/10,FRUIT,5.451372118785576,13.070656895562522
8180,1/10,FRUIT,3.6945853467817686,4.371135704900936
8205,"1/100,000",FRUIT,4.693726019823892,12.706518188165589
8294,"1/100,000",FRUIT,6.682979755364179,11.503124114217634
8452,1/10,FRUIT,2.967727066597426,8.092556247161612
8467,1/10,FRUIT,6.5538758791723035,14.848955918410558
8615,1/10,FRUIT,2.3335385657839125,7.212834111367244
9024,1/10,FRUIT,6.110247020840151,12.017371847755086
10722,"1/100,000",FRUIT,3.625972191494787,13.974352756475891
11124,"1/100,000",FRUIT,2.1355949346702605,5.280450745556825
11419,"1/100,000",FRUIT,5.847218168072093,11.41426642778742
12206,"1/100,000",FRUIT,4.323208076031335,13.162696515548932
12348,"1/100,000",FRUIT,7.615740973830042,18.96228261650865
12748,"1/100,000",FRUIT,2.0535631711145483,6.638790447746159
13187,"1/100,000",FRUIT,4.67393420984107,11.078860484634763
13204,"1/100,000",FRUIT,3.839479084654495,9.805808150087357
13216,"1/100,000",FRUIT,4.79913509861741,7.871642648281275
13436,"1/100,000",FRUIT,2.456699018835488,6.033906805428285
14328,1/10,FRUIT,6.504816952570451,14.243196886086166
15606,"1/100,000",FRUIT,7.070337672700512,16.476786356312445
22386,"1/100,000",FRUIT,1.8495521698017137,7.615352788272862
24020,"1/100,000",FRUIT,9.518857066876578,18.239026267863014
24473,1/10,FRUIT,7.915672450844868,16.538533825242357
31210,"1/100,000",FRUIT,3.775969403982328,11.759094352798876
31266,"1/100,000",FRUIT,5.500746499565113,16.35273762781783
33032,1/10,FRUIT,2.5586106511802775,8.501256463888575
61024,"1/100,000",FRUIT,3.1018856843437375,10.183477645632736
61151,"1/100,000",FRUIT,4.740059982173314,14.324282491662563
61155,"1/100,000",FRUIT,5.640270086674101,12.343257520051402
61177,"1/100,000",FRUIT,5.529577941323948,16.530571276710702
61252,"1/100,000",FRUIT,1.2131180989565375,5.324544908580907
61771,1/10,FRUIT,6.241187192247513,15.153992602875991
62572,"1/100,000",FRUIT,6.441855476607929,12.73986052996583
520108,"1/100,000",FRUIT,2.516914871398045,9.628779504090565
638024,1/10,FRUIT,2.86459040581083,10.33296003724206
641256,"1/100,000",FRUIT,3.1391599887994586,8.383871362259761
778574,1/10,FRUIT,4.111914487335046,13.598839257366013
1549778,"1/100,000",FRUIT,6.037097764091905,13.859279429306689
1550470,"1/100,000",FRUIT,8.73626251943192,17.41766679627569
5352539,"1/100,000",FRUIT,5.350958867195261,14.556156013457812
5355850,"1/100,000",FRUIT,3.702166921685952,10.934844347550952
5363233,"1/100,000",FRUIT,5.798583390850302,12.36885058242262
5367698,"1/100,000",FRUIT,3.9537940319638936,7.926488938868383
6114390,"1/100,000",FRUIT,2.666383533863187,8.549758459712216
16220109,1/10,FRUIT,8.374315570807253,14.704852445684455
243,"1/100,000",FISH,1.5841402826523452,6.242840989221296
454,"1/100,000",FISH,1.508760467353533,4.611945282989891
679,1/10,FISH,2.706394833600419,8.529889911075248
1030,1/10,FISH,1.0459309001705246,5.683577805187608
1060,"1/100,000",FISH,1.548830231258422,6.033815247372168
2682,1/10,FISH,1.4117972077896268,5.556159296244073
6137,1/10,FISH,3.613141871162351,12.442738504100957
6386,1/10,FISH,1.419582795530908,4.962917605329384
6826,"1/100,000",FISH,0.873971107705701,4.556457926632941
6989,"1/100,000",FISH,0.9934151836015608,3.696336822970622
7047,"1/100,000",FISH,0.9548447890698848,4.413257717260364
7409,"1/100,000",FISH,1.0946712394795843,3.9173776108756937
7601,"1/100,000",FISH,0.6320845303536446,3.7981691347933624
7632,"1/100,000",FISH,0.7338947794419834,3.8646214519122526
7792,"1/100,000",FISH,0.8757077346874422,4.116835138727361
7820,1/10,FISH,1.019421241149035,5.135499243312707
7826,"1/100,000",FISH,0.8249047850243163,4.546571652489718
8038,"1/100,000",FISH,1.3848713870877,4.781097557867011
8048,1/10,FISH,0.5585065804813365,3.0975257609323172
8051,"1/100,000",FISH,1.1962625585603663,5.095340246134253
8078,1/10,FISH,3.0641985105874716,9.025338762535156
8137,"1/100,000",FISH,1.016183345296358,5.856664988083724
8159,1/10,FISH,0.5984021150639502,3.271624362440855
8163,1/10,FISH,0.6279743001858334,3.6013841833168723
8175,1/10,FISH,0.8183501091762773,3.3175094825923765
8180,1/10,FISH,0.7843239810665402,4.8118625286046885
8205,"1/100,000",FISH,1.5579081402650286,4.274288335160138
8294,"1/100,000",FISH,0.8574578045798666,4.277808952815781
8452,1/10,FISH,2.0660401466131044,5.845735100045848
8467,1/10,FISH,0.7214657964885225,4.01434848176427
8615,1/10,FISH,0.9579624729314702,4.796321217129178
9024,1/10,FISH,0.7507064290202657,4.038498816444639
10722,"1/100,000",FISH,1.2583994799038287,4.580273077425179
11124,"1/100,000",FISH,2.4110814685780113,6.822254765426813
11419,"1/100,000",FISH,1.5644914053858572,5.77699470474297
12206,"1/100,000",FISH,1.312942517578774,5.097466921558595
12348,"1/100,000",FISH,0.8522282329027371,3.408887235802957
12748,"1/100,000",FISH,3.2447720512896026,9.237954058174358
13187,"1/100,000",FISH,0.7098938362152198,2.3202535567214184
13204,"1/100,000",FISH,1.5142973706386804,5.451385024318244
13216,"1/100,000",FISH,0.9773747972245194,3.111277109667445
13436,"1/100,000",FISH,4.299675259022358,12.108233343894089
14328,1/10,FISH,0.625495899689508,2.937313568581037
15606,"1/100,000",FISH,0.9778510917324376,4.793458788900569
22386,"1/100,000",FISH,3.729899926207325,10.25078577794019
24020,"1/100,000",FISH,1.1280084571139186,4.731920220121412
24473,1/10,FISH,0.4641335134024016,3.686919754679438
31210,"1/100,000",FISH,1.0369024396481807,3.6396199589294462
31266,"1/100,000",FISH,1.3580776824625669,4.587104426974673
33032,1/10,FISH,0.8710978521836443,5.97704928251352
61024,"1/100,000",FISH,1.9292103752472372,6.317666306180923
61151,"1/100,000",FISH,0.9255488959071728,3.886744212227179
61155,"1/100,000",FISH,1.3946611524711556,4.007081392233406
61177,"1/100,000",FISH,1.2434627720173734,3.93061371321826
61252,"1/100,000",FISH,4.3893037618648805,14.353569559387935
61771,1/10,FISH,0.7444670680149149,3.6131306333236695
62572,"1/100,000",FISH,1.4347555405586758,6.000476500404172
520108,"1/100,000",FISH,1.716096073684093,6.766242035816675
638024,1/10,FISH,1.08593097210166,4.661781806937437
641256,"1/100,000",FISH,2.2036326361295733,8.029489145703742
778574,1/10,FISH,0.8162320213430693,3.396207654672438
1549778,"1/100,000",FISH,0.88975725348527,3.730118500026237
1550470,"1/100,000",FISH,1.223321160244293,4.235998806501368
5352539,"1/100,000",FISH,1.16440512300306,2.934779937173394
5355850,"1/100,000",FISH,1.0611639302251652,4.025666439366951
5363233,"1/100,000",FISH,0.92987048447332,2.9779336336406743
5367698,"1/100,000",FISH,0.7246095832784931,3.4747688646857955
6114390,"1/100,000",FISH,1.01733315558245,4.4130875006412005
16220109,1/10,FISH,0.7370996636912269,4.442251414949789
243,"1/100,000",GARLIC,3.3691923700027235,11.886738355207836
454,"1/100,000",GARLIC,2.9736448430268614,10.097647270094413
679,1/10,GARLIC,6.078460794253752,16.578191643054623
1030,1/10,GARLIC,3.5665813227375933,12.339149598185166
1060,"1/100,000",GARLIC,3.950673290916403,13.18674883159757
2682,1/10,GARLIC,2.413553608402457,9.65224116500784
6137,1/10,GARLIC,5.814312922467321,17.63701056288407
6386,1/10,GARLIC,3.9559839022970777,10.321530562684602
6826,"1/100,000",GARLIC,2.1307844474163407,8.209138627095589
6989,"1/100,000",GARLIC,2.5971867286556063,9.20104455622104
7047,"1/100,000",GARLIC,2.4596549301304784,10.004912685167552
7409,"1/100,000",GARLIC,2.2086896419413735,8.168687229790999
7601,"1/100,000",GARLIC,3.0440898887299506,10.235891927333924
7632,"1/100,000",GARLIC,2.3858655504877815,10.206917932766949
7792,"1/100,000",GARLIC,2.6659473718103106,10.85466271036589
7820,1/10,GARLIC,2.054741239312169,9.52518610487114
7826,"1/100,000",GARLIC,2.142191740453303,8.950207613237573
8038,"1/100,000",GARLIC,2.7385331403687148,9.843061843070442
8048,1/10,GARLIC,1.493664444740284,7.489160108641421
8051,"1/100,000",GARLIC,2.836147118189873,10.490888942928995
8078,1/10,GARLIC,3.004242602219483,11.480873675284224
8137,"1/100,000",GARLIC,2.740447693980055,11.573813871011618
8159,1/10,GARLIC,1.4658350405989402,7.593469281626338
8163,1/10,GARLIC,1.8777633927736328,8.675779301868367
8175,1/10,GARLIC,2.1684838716690846,9.31214301526547
8180,1/10,GARLIC,2.3855024347500793,12.1559561440657
8205,"1/100,000",GARLIC,2.703095998428667,9.209238317031282
8294,"1/100,000",GARLIC,1.927225812074985,9.466316548026484
8452,1/10,GARLIC,4.378449365652127,10.800176822369984
8467,1/10,GARLIC,1.790224660672539,8.304483810415583
8615,1/10,GARLIC,1.5737638637121492,6.0743583929044505
9024,1/10,GARLIC,1.9290937889678657,9.445181243823454
10722,"1/100,000",GARLIC,2.726422064308821,9.293681287814223
11124,"1/100,000",GARLIC,3.527153855251965,13.318034280805154
11419,"1/100,000",GARLIC,2.6739881961023597,10.13861184856942
12206,"1/100,000",GARLIC,2.3335525127406225,9.776355903932917
12348,"1/100,000",GARLIC,1.9066253915124816,6.402224638895866
12748,"1/100,000",GARLIC,7.1998932222246435,15.531067010582902
13187,"1/100,000",GARLIC,2.5840166215121947,10.18916548307491
13204,"1/100,000",GARLIC,3.1076692780330837,11.959247109826023
13216,"1/100,000",GARLIC,2.324551053021699,9.848459758427111
13436,"1/100,000",GARLIC,8.79539390129034,17.287542288577132
14328,1/10,GARLIC,1.7926627186999615,8.58963781584522
15606,"1/100,000",GARLIC,2.168366210067422,9.64396672632542
22386,"1/100,000",GARLIC,3.7378845871824673,12.90161166259189
24020,"1/100,000",GARLIC,2.7102117790252307,10.834338103595698
24473,1/10,GARLIC,1.085383363746905,5.961920416742959
31210,"1/100,000",GARLIC,3.3492987520268747,11.12883897437399
31266,"1/100,000",GARLIC,2.543918282715348,10.33023896200032
33032,1/10,GARLIC,2.9279425455938592,10.61371275152348
61024,"1/100,000",GARLIC,3.1183076070966975,10.259442463222031
61151,"1/100,000",GARLIC,2.253031637690802,8.292700937190567
61155,"1/100,000",GARLIC,2.708840180980961,9.380344270078483
61177,"1/100,000",GARLIC,2.751731202927159,8.802045935516412
61252,"1/100,000",GARLIC,10.825191194286935,22.84281013934334
61771,1/10,GARLIC,1.3156476306548686,7.265717614146201
62572,"1/100,000",GARLIC,2.8618147936327887,12.040839675185913
520108,"1/100,000",GARLIC,2.9084776272212083,12.198813859146592
638024,1/10,GARLIC,2.022739859940095,7.822548860945721
641256,"1/100,000",GARLIC,3.590160957102826,11.669116950648936
778574,1/10,GARLIC,1.7739757179898974,7.691131048904285
1549778,"1/100,000",GARLIC,2.25537902711382,9.744830875469985
1550470,"1/100,000",GARLIC,2.1546386017808636,8.62669477247646
5352539,"1/100,000",GARLIC,2.7810453917303692,8.589734837524755
5355850,"1/100,000",GARLIC,2.8454000425312147,10.76218373390456
5363233,"1/100,000",GARLIC,2.4426273646117114,10.284996425487
5367698,"1/100,000",GARLIC,2.770849618282025,10.546189431839522
6114390,"1/100,000",GARLIC,3.3144265464631895,9.835024050137587
16220109,1/10,GARLIC,1.6835639789743075,9.28569055272279
243,"1/100,000",SPICES,4.697372756841583,14.18477097177469
454,"1/100,000",SPICES,4.5327569329155875,13.950647429799517
679,1/10,SPICES,6.898656638027277,17.421420146545874
1030,1/10,SPICES,5.340308716945571,13.005364520598311
1060,"1/100,000",SPICES,6.674850718396276,15.484339504697662
2682,1/10,SPICES,4.955385925651043,13.199932957527244
6137,1/10,SPICES,6.6967636273083375,16.277568195116704
6386,1/10,SPICES,5.764855447458197,15.49892108544858
6826,"1/100,000",SPICES,5.0376170700145995,15.003850263787616
6989,"1/100,000",SPICES,6.367406180808456,19.090510068494343
7047,"1/100,000",SPICES,5.054726004701295,14.613420819787418
7409,"1/100,000",SPICES,5.55898478178172,15.30934276146372
7601,"1/100,000",SPICES,4.456277217194507,13.43300151060653
7632,"1/100,000",SPICES,4.902156605059009,15.386588347590036
7792,"1/100,000",SPICES,5.5041806594371225,15.947210737046262
7820,1/10,SPICES,5.861894492756829,15.049932198854028
7826,"1/100,000",SPICES,4.618228070806484,13.196034489783507
8038,"1/100,000",SPICES,5.155622140167207,13.777233839300402
8048,1/10,SPICES,5.028743545401689,13.876797188027224
8051,"1/100,000",SPICES,5.038257828918819,14.47811437827596
8078,1/10,SPICES,5.288282097818851,12.390371007384594
8137,"1/100,000",SPICES,3.7985606043925104,12.75657709109673
8159,1/10,SPICES,5.834674307406196,14.152106451529376
8163,1/10,SPICES,5.212154181540581,14.89388395502547
8175,1/10,SPICES,5.3781323690042,13.16422542496726
8180,1/10,SPICES,4.5125179279869725,13.32623289984086
8205,"1/100,000",SPICES,4.545458140273997,11.285847033113246
8294,"1/100,000",SPICES,4.573397332314521,11.9696859850517
8452,1/10,SPICES,5.8112021774354785,13.980489540498636
8467,1/10,SPICES,8.327661485850012,18.348525599153565
8615,1/10,SPICES,5.546698895098458,14.119617594120198
9024,1/10,SPICES,7.124625611247119,16.780575174661728
10722,"1/100,000",SPICES,5.418559185226582,13.965313351171249
11124,"1/100,000",SPICES,4.495389697280378,13.442838483291702
11419,"1/100,000",SPICES,5.649610185373422,13.90067230688062
12206,"1/100,000",SPICES,5.0995317220728245,13.41021110360996
12348,"1/100,000",SPICES,4.390330750548585,12.49841948818198
12748,"1/100,000",SPICES,7.137754093670712,16.081772301344703
13187,"1/100,000",SPICES,4.929751820770036,13.85981387668022
13204,"1/100,000",SPICES,5.15456025161605,14.318109666772536
13216,"1/100,000",SPICES,5.6992689803786085,15.002490091192838
13436,"1/100,000",SPICES,6.781890946953997,16.381318138455168
14328,1/10,SPICES,8.602941009731447,18.68794042467031
15606,"1/100,000",SPICES,4.047263286803032,13.61839159817627
22386,"1/100,000",SPICES,4.983570218261944,14.145369289462405
24020,"1/100,000",SPICES,4.866612897437123,13.944623953576103
24473,1/10,SPICES,8.873803256619768,19.561813803675555
31210,"1/100,000",SPICES,4.44909313815925,13.678583142259656
31266,"1/100,000",SPICES,3.909631924293422,11.144766454020498
33032,1/10,SPICES,6.134409382985081,16.418615754265637
61024,"1/100,000",SPICES,4.134978713433677,10.17890868289166
61151,"1/100,000",SPICES,5.622896738027162,15.379230370209456
61155,"1/100,000",SPICES,5.396020460000484,17.091433300329353
61177,"1/100,000",SPICES,4.8185983747574515,13.290394097082403
61252,"1/100,000",SPICES,7.647059489974839,19.01883992162437
61771,1/10,SPICES,7.658612071719539,18.560852261455786
62572,"1/100,000",SPICES,4.893731990847508,13.339366596374614
520108,"1/100,000",SPICES,5.471647765574419,14.92523085845919
638024,1/10,SPICES,5.616338427452798,13.730538505608642
641256,"1/100,000",SPICES,5.391403404421432,13.95353363905084
778574,1/10,SPICES,5.479338290767427,13.895990646549292
1549778,"1/100,000",SPICES,3.823063817134519,13.960484412137651
1550470,"1/100,000",SPICES,5.063965377779773,12.79043900294608
5352539,"1/100,000",SPICES,4.066909869208817,13.327845416696992
5355850,"1/100,000",SPICES,4.260500107207395,12.300020617182414
5363233,"1/100,000",SPICES,4.670754503292033,12.51571014964841
5367698,"1/100,000",SPICES,3.791927503342164,14.08034016963218
6114390,"1/100,000",SPICES,4.612471328484172,14.599776628868494
16220109,1/10,SPICES,6.697884027733165,15.042301438061587
243,"1/100,000",COLD,3.6803998561526994,12.25592285835113
454,"1/100,000",COLD,3.8652131432708567,12.188403815979786
679,1/10,COLD,3.998511608977385,12.770381382963132
1030,1/10,COLD,4.386160155730824,12.130759603756594
1060,"1/100,000",COLD,3.297714600080621,11.586775625866755
2682,1/10,COLD,4.775247091876804,16.754865806581194
6137,1/10,COLD,3.6201964657634935,11.989132879393864
6386,1/10,COLD,4.063887802548808,15.25493454194003
6826,"1/100,000",COLD,4.786336844564994,13.180899324072714
6989,"1/100,000",COLD,4.736973938109943,15.969400624081354
7047,"1/100,000",COLD,4.234873708026861,14.724133888785373
7409,"1/100,000",COLD,5.7459462906365015,16.694360475518273
7601,"1/100,000",COLD,3.7135770174264167,12.85447900309495
7632,"1/100,000",COLD,4.84690250234385,13.991251229290244
7792,"1/100,000",COLD,5.414920765130439,17.001589591345976
7820,1/10,COLD,4.678109070053917,13.63727813411692
7826,"1/100,000",COLD,4.835076308007183,12.673113655607958
8038,"1/100,000",COLD,3.8429095442546655,11.484652687983084
8048,1/10,COLD,4.907904980009946,14.546113228031588
8051,"1/100,000",COLD,3.994308205441868,11.580342257002949
8078,1/10,COLD,6.263925452141236,14.485014698099874
8137,"1/100,000",COLD,4.237829492866536,12.017702939933494
8159,1/10,COLD,5.222253754512163,15.457488311661828
8163,1/10,COLD,6.885813172081718,16.293469420186167
8175,1/10,COLD,6.173819132178794,15.897175362871796
8180,1/10,COLD,5.231084658182948,14.091959247293776
8205,"1/100,000",COLD,4.280793454580674,11.511554854737437
8294,"1/100,000",COLD,3.7424743533707527,12.562938147548772
8452,1/10,COLD,4.7256075383954395,13.391989470562171
8467,1/10,COLD,3.573769588384999,13.142612783749357
8615,1/10,COLD,4.501605265480581,13.763159745710222
9024,1/10,COLD,5.1968382268310105,13.713036081834405
10722,"1/100,000",COLD,3.6011806778570654,15.156861225545926
11124,"1/100,000",COLD,3.1161414893152353,9.873405674571018
11419,"1/100,000",COLD,4.279482025843102,13.508789310377708
12206,"1/100,000",COLD,3.618918056926676,12.495155379471838
12348,"1/100,000",COLD,5.1346096943361355,14.14130671504883
12748,"1/100,000",COLD,3.3657800535248663,11.517232917139706
13187,"1/100,000",COLD,4.111023641468834,11.469613073402895
13204,"1/100,000",COLD,3.4292066460681143,11.93660640999788
13216,"1/100,000",COLD,5.103506161460633,16.95236531777547
13436,"1/100,000",COLD,3.0943146970023405,10.738437138078387
14328,1/10,COLD,4.131629165088356,13.102192333387723
15606,"1/100,000",COLD,4.3711336238395715,10.749513881074796
22386,"1/100,000",COLD,3.4394759962256,12.042684121494906
24020,"1/100,000",COLD,4.042461785107589,12.231564208437437
24473,1/10,COLD,8.885264459182363,20.33815519456702
31210,"1/100,000",COLD,2.97647886443776,10.895276391610462
31266,"1/100,000",COLD,5.0414191063180045,13.007850787018576
33032,1/10,COLD,4.9420705423991205,13.629406316873744
61024,"1/100,000",COLD,3.392814912496205,10.400499582985354
61151,"1/100,000",COLD,4.576610838876441,13.235350465028052
61155,"1/100,000",COLD,4.484384356317906,11.965870460480764
61177,"1/100,000",COLD,4.868899948015347,14.03404044677047
61252,"1/100,000",COLD,2.9317335316071707,10.158891807895229
61771,1/10,COLD,9.05727358863919,17.712521202491654
62572,"1/100,000",COLD,3.8188442847743977,10.765597157640652
520108,"1/100,000",COLD,3.236979528502697,11.474549553942923
638024,1/10,COLD,4.399016038789713,14.614593661492094
641256,"1/100,000",COLD,3.917612631298839,11.665160383218682
778574,1/10,COLD,5.276970794984195,15.066180466770174
1549778,"1/100,000",COLD,3.8947903995337425,12.885865168830906
1550470,"1/100,000",COLD,4.615563217015639,14.038961169027798
5352539,"1/100,000",COLD,4.019593522279685,14.216646770847268
5355850,"1/100,000",COLD,3.1300519969495064,11.418694447576032
5363233,"1/100,000",COLD,4.200611517091861,13.659157549052606
5367698,"1/100,000",COLD,3.490321975379587,11.499268613073072
6114390,"1/100,000",COLD,3.520377593769821,12.18947927719062
16220109,1/10,COLD,5.292123970970889,14.365439905435302
243,"1/100,000",SOUR,10.2671197094827,19.13999185148628
454,"1/100,000",SOUR,8.152548324115658,18.879460922476603
679,1/10,SOUR,10.435081211701018,22.77060016667435
1030,1/10,SOUR,7.5362032096908,20.23549154626859
1060,"1/100,000",SOUR,12.845776010545606,23.400830980733804
2682,1/10,SOUR,9.519631246048906,17.621859658042375
6137,1/10,SOUR,12.802139211050044,23.85048265781711
6386,1/10,SOUR,8.341981257236869,17.712850023493537
6826,"1/100,000",SOUR,6.032904114569132,15.071987443982014
6989,"1/100,000",SOUR,5.926675010013048,14.25813824532212
7047,"1/100,000",SOUR,6.243250173760075,16.529425071434414
7409,"1/100,000",SOUR,6.616264363531169,17.550347512997014
7601,"1/100,000",SOUR,6.458785571794578,17.17668687549927
7632,"1/100,000",SOUR,6.35613289566662,16.144743266370924
7792,"1/100,000",SOUR,7.107039446264249,19.323319702024325
7820,1/10,SOUR,9.132149871023756,20.72039704429152
7826,"1/100,000",SOUR,6.306203550598631,15.492159487187743
8038,"1/100,000",SOUR,7.174595282705083,16.399414351029172
8048,1/10,SOUR,9.00522111477035,17.90767303830242
8051,"1/100,000",SOUR,6.634836425391322,16.723880088773914
8078,1/10,SOUR,8.728199984489128,18.588239213876378
8137,"1/100,000",SOUR,5.619001493444492,17.33414526616848
8159,1/10,SOUR,7.522996389409916,16.502777552233145
8163,1/10,SOUR,7.769033464666819,18.04795598849725
8175,1/10,SOUR,7.779595359126388,19.24978602173855
8180,1/10,SOUR,10.32373570161628,23.796678369866328
8205,"1/100,000",SOUR,6.734177712250985,16.80995726888772
8294,"1/100,000",SOUR,6.315295772314728,17.557382160215866
8452,1/10,SOUR,9.019744490636258,18.92256429799254
8467,1/10,SOUR,6.478880574113966,15.259290919035568
8615,1/10,SOUR,7.669057430097674,15.847433036349871
9024,1/10,SOUR,6.760869207013124,17.535432543349927
10722,"1/100,000",SOUR,6.826237870995421,15.673469369473244
11124,"1/100,000",SOUR,10.303082390818874,23.125500093116248
11419,"1/100,000",SOUR,5.629892867334398,16.173476916846283
12206,"1/100,000",SOUR,7.080305783849375,19.19798284753058
12348,"1/100,000",SOUR,6.435860696128733,15.693515803635336
12748,"1/100,000",SOUR,9.89030492261258,20.164595667014467
13187,"1/100,000",SOUR,6.984024831308685,15.22409741870796
13204,"1/100,000",SOUR,7.113535434554749,16.85756948844374
13216,"1/100,000",SOUR,5.929440151176423,17.06762204180327
13436,"1/100,000",SOUR,10.297776692049004,21.50546559842894
14328,1/10,SOUR,6.620485706879907,17.2070349550501
15606,"1/100,000",SOUR,5.503422809323894,13.923970628363158
22386,"1/100,000",SOUR,8.883561338401309,20.139583162679816
24020,"1/100,000",SOUR,7.674010790394636,17.487324802639584
24473,1/10,SOUR,5.373025545435282,15.195789831311927
31210,"1/100,000",SOUR,6.521397345231994,16.97897232700388
31266,"1/100,000",SOUR,6.985324962129698,17.036918968455137
33032,1/10,SOUR,9.269255224366832,19.88300647165548
61024,"1/100,000",SOUR,6.455347398096566,15.8770367590381
61151,"1/100,000",SOUR,6.276026282623666,15.683154232772024
61155,"1/100,000",SOUR,6.176013725689443,16.322964136458825
61177,"1/100,000",SOUR,8.33893997835106,17.092389372283392
61252,"1/100,000",SOUR,13.140275190028598,26.241706008862156
61771,1/10,SOUR,6.1206548458663805,15.220096772925908
62572,"1/100,000",SOUR,8.462942959310215,19.339093586761617
520108,"1/100,000",SOUR,8.202879252730828,18.24288672420208
638024,1/10,SOUR,9.594769790432116,17.210913968120863
641256,"1/100,000",SOUR,9.418759130347487,19.43545260860402
778574,1/10,SOUR,7.501237672299684,17.998297427694926
1549778,"1/100,000",SOUR,7.373886046663337,17.937298385771868
1550470,"1/100,000",SOUR,6.472821083271351,15.967818920199
5352539,"1/100,000",SOUR,6.771104010131183,14.641761936223148
5355850,"1/100,000",SOUR,6.1973189339533965,15.513180641286493
5363233,"1/100,000",SOUR,6.551529021861936,15.694150201195296
5367698,"1/100,000",SOUR,5.84282830406307,15.390630540136566
6114390,"1/100,000",SOUR,7.743396706519648,15.890788325064069
16220109,1/10,SOUR,7.9295557793724845,17.649322126169377
243,"1/100,000",BURNT,5.700151772273813,14.45650700635638
454,"1/100,000",BURNT,3.5663370599563535,12.934523857506749
679,1/10,BURNT,5.899951600781958,15.176985733021263
1030,1/10,BURNT,5.833203927284508,13.2885431409001
1060,"1/100,000",BURNT,4.671815521539108,12.135319797227876
2682,1/10,BURNT,6.986108651087834,16.880395492149304
6137,1/10,BURNT,10.66056088927796,21.73112492897405
6386,1/10,BURNT,5.839085169901328,12.827110976784786
6826,"1/100,000",BURNT,3.0783956011517017,10.887388508967328
6989,"1/100,000",BURNT,3.943462618643646,13.282242890655622
7047,"1/100,000",BURNT,6.332444706763849,15.460331157887907
7409,"1/100,000",BURNT,4.85216516132615,11.983259376404131
7601,"1/100,000",BURNT,3.219092904832454,12.54149881047576
7632,"1/100,000",BURNT,2.996583302631144,12.828633294490643
7792,"1/100,000",BURNT,3.1348977349841443,11.770430309319924
7820,1/10,BURNT,4.7468263174272565,11.940228497842869
7826,"1/100,000",BURNT,2.94740129891066,10.406788753497072
8038,"1/100,000",BURNT,3.710263496071848,9.619345862297685
8048,1/10,BURNT,4.2948691721040255,11.52308637236051
8051,"1/100,000",BURNT,3.4196992054406574,11.32236689479912
8078,1/10,BURNT,5.305424580485526,13.241483210155558
8137,"1/100,000",BURNT,3.034724845462692,11.163795079362982
8159,1/10,BURNT,3.7147613437007383,10.34236906465839
8163,1/10,BURNT,5.372693632806065,12.315042397774144
8175,1/10,BURNT,5.605109767959601,14.405766899206414
8180,1/10,BURNT,7.316759690456854,20.053867036535284
8205,"1/100,000",BURNT,3.603004257755607,13.006235668525395
8294,"1/100,000",BURNT,2.5533074470445714,11.130138414659111
8452,1/10,BURNT,7.060320283089688,13.110484435180153
8467,1/10,BURNT,6.962034846846526,13.099880662953632
8615,1/10,BURNT,4.0648836585121995,8.576967622663838
9024,1/10,BURNT,4.748732751629038,11.53689332429621
10722,"1/100,000",BURNT,6.128196172567699,13.080629541353469
11124,"1/100,000",BURNT,4.15350422341979,12.837149788945233
11419,"1/100,000",BURNT,3.832799837092894,12.452990309168458
12206,"1/100,000",BURNT,3.23844477725573,9.80175048259946
12348,"1/100,000",BURNT,2.5376000145505717,7.495585220483888
12748,"1/100,000",BURNT,5.330908534323646,15.995505912586315
13187,"1/100,000",BURNT,3.4177662673051152,11.388570883785128
13204,"1/100,000",BURNT,4.1757931964457535,10.236612590527438
13216,"1/100,000",BURNT,2.737902771025982,13.078152705104833
13436,"1/100,000",BURNT,15.035363697077726,23.21467057441555
14328,1/10,BURNT,5.414860111380701,15.304655130096808
15606,"1/100,000",BURNT,2.765697925380009,10.945339461746238
22386,"1/100,000",BURNT,3.791582958013547,10.72726071036123
24020,"1/100,000",BURNT,3.1098726112220083,8.977970299349003
24473,1/10,BURNT,3.3845400405505712,11.018454206084392
31210,"1/100,000",BURNT,3.910008384236911,12.33451823217516
31266,"1/100,000",BURNT,2.3141023648250423,9.51736964294519
33032,1/10,BURNT,5.368423887526498,15.792839835461582
61024,"1/100,000",BURNT,3.341896505002494,10.361917195785718
61151,"1/100,000",BURNT,3.65923958123393,11.199556022059358
61155,"1/100,000",BURNT,3.428202455300641,13.063729151472934
61177,"1/100,000",BURNT,3.716757674606787,10.43679134184923
61252,"1/100,000",BURNT,7.741577214101668,19.00565831304892
61771,1/10,BURNT,3.685615507495167,10.693355105281627
62572,"1/100,000",BURNT,3.0213489665811566,10.959198464902649
520108,"1/100,000",BURNT,6.616817054773698,15.762992111673665
638024,1/10,BURNT,5.224891971561027,12.100379929006992
641256,"1/100,000",BURNT,4.337960085118688,13.322582764720034
778574,1/10,BURNT,5.77199445514469,13.57745929873613
1549778,"1/100,000",BURNT,4.092337742500327,11.229389325549477
1550470,"1/100,000",BURNT,2.587417065835913,9.842158147222165
5352539,"1/100,000",BURNT,2.836991327782329,8.773964541555127
5355850,"1/100,000",BURNT,3.5529490008589004,11.469893609582456
5363233,"1/100,000",BURNT,3.2950536238255084,10.252958402167083
5367698,"1/100,000",BURNT,3.63663259782038,12.396370405694574
6114390,"1/100,000",BURNT,4.0227735681247285,11.4707936489109
16220109,1/10,BURNT,4.607278583141818,12.307926964295133
243,"1/100,000",ACID,4.708178553478777,13.162283222319358
454,"1/100,000",ACID,4.25345102228223,11.835818665958731
679,1/10,ACID,6.524673145554493,15.108096438244202
1030,1/10,ACID,5.961506452467493,13.812863257132417
1060,"1/100,000",ACID,4.0803176074313345,13.341707158145915
2682,1/10,ACID,8.021484024694587,19.051728073608025
6137,1/10,ACID,6.406651472331406,15.113765081779707
6386,1/10,ACID,6.860786685449088,15.047134144480324
6826,"1/100,000",ACID,3.2935793380387923,10.375074491156695
6989,"1/100,000",ACID,3.805715693414782,12.50702947417665
7047,"1/100,000",ACID,4.584040185466681,12.991509671048837
7409,"1/100,000",ACID,4.816467173518564,13.85505559744362
7601,"1/100,000",ACID,3.0858204607250777,11.734623763020988
7632,"1/100,000",ACID,3.6232803659269126,11.857188665561203
7792,"1/100,000",ACID,4.548844688392751,14.701878840141426
7820,1/10,ACID,5.5093736559183135,13.638702377424613
7826,"1/100,000",ACID,3.2960806697232288,10.063337588667467
8038,"1/100,000",ACID,4.094135518526323,12.347369170842066
8048,1/10,ACID,5.691465339576018,13.724571686970396
8051,"1/100,000",ACID,4.879929367255993,12.929384155157845
8078,1/10,ACID,8.996480019104514,14.716019756108096
8137,"1/100,000",ACID,2.849716563909603,10.974578213819978
8159,1/10,ACID,6.5569304436219555,13.770420937312984
8163,1/10,ACID,9.286507207860405,14.228307869517067
8175,1/10,ACID,9.100352911048814,16.832533007677945
8180,1/10,ACID,8.947536961794775,20.95141690949037
8205,"1/100,000",ACID,3.1742514614094803,10.601285423807196
8294,"1/100,000",ACID,2.845034968362389,10.703519142316203
8452,1/10,ACID,7.710879760309405,15.970196389345372
8467,1/10,ACID,3.9458204811187816,9.266764487099593
8615,1/10,ACID,5.335221259745683,11.772063515959456
9024,1/10,ACID,5.543599688554795,13.21101340407701
10722,"1/100,000",ACID,5.235908412291882,12.85392665837439
11124,"1/100,000",ACID,4.350501623483241,13.923316530534068
11419,"1/100,000",ACID,3.9586202842753337,13.182730872405028
12206,"1/100,000",ACID,4.81809962746571,13.294422661093558
12348,"1/100,000",ACID,3.772910235336864,9.959635597018174
12748,"1/100,000",ACID,4.650411467471704,10.655868470832926
13187,"1/100,000",ACID,3.4818129976377854,9.644024346499169
13204,"1/100,000",ACID,4.083484138093464,11.071172062930035
13216,"1/100,000",ACID,4.196200769809376,13.059344061639871
13436,"1/100,000",ACID,6.128014131658575,15.058900345945949
14328,1/10,ACID,3.902894358811585,12.077888779115952
15606,"1/100,000",ACID,2.76894995394668,9.434750040364326
22386,"1/100,000",ACID,5.0284796857142355,13.3828353712101
24020,"1/100,000",ACID,4.091213341474574,11.954933708301224
24473,1/10,ACID,6.045324101478542,12.376703088434006
31210,"1/100,000",ACID,2.71296382368824,11.35297234378703
31266,"1/100,000",ACID,2.888756590991182,10.249618918269636
33032,1/10,ACID,6.1277972096463,12.159739803139765
61024,"1/100,000",ACID,2.784978060388276,8.776453852963469
61151,"1/100,000",ACID,3.127192728267147,9.91600359987306
61155,"1/100,000",ACID,3.322336284998871,11.248169091735804
61177,"1/100,000",ACID,4.462243546650092,11.180457304759994
61252,"1/100,000",ACID,5.484476564416509,14.560560925426852
61771,1/10,ACID,7.680630294289832,12.668962064008124
62572,"1/100,000",ACID,3.7068619413767783,11.503104114013656
520108,"1/100,000",ACID,5.005869573891501,11.426857307696055
638024,1/10,ACID,6.373368052775802,12.813967341673813
641256,"1/100,000",ACID,4.574951210452221,11.58306218759366
778574,1/10,ACID,6.98961930407262,12.537186073306604
1549778,"1/100,000",ACID,2.933759202875349,11.97271668733199
1550470,"1/100,000",ACID,3.854163299857914,9.852292042697096
5352539,"1/100,000",ACID,2.7533139047380604,10.45471212783421
5355850,"1/100,000",ACID,3.194498492610405,10.22845882850294
5363233,"1/100,000",ACID,2.9550604424956752,10.578957019402113
5367698,"1/100,000",ACID,2.5496761022021097,10.38712894610576
6114390,"1/100,000",ACID,3.4405000483822836,11.301269685332564
16220109,1/10,ACID,6.790500971822213,12.79580225580824
243,"1/100,000",WARM,5.336658933061589,15.72333286826244
454,"1/100,000",WARM,5.588652234312969,14.394843304838735
679,1/10,WARM,6.187179503393094,17.01453158707026
1030,1/10,WARM,6.015809835673259,14.487260521383456
1060,"1/100,000",WARM,5.107737932721709,14.191587221024534
2682,1/10,WARM,6.423218808633784,13.918416071166313
6137,1/10,WARM,7.295101675139974,16.372034360848446
6386,1/10,WARM,6.286884996021099,14.553197309048038
6826,"1/100,000",WARM,5.255641181374123,15.692741127404116
6989,"1/100,000",WARM,5.466409216956307,14.352435742719072
7047,"1/100,000",WARM,6.286854735760986,15.30459533863921
7409,"1/100,000",WARM,5.055546717880555,14.18014529204303
7601,"1/100,000",WARM,5.78506573671588,14.090765587281446
7632,"1/100,000",WARM,4.83363849360023,13.98413936459347
7792,"1/100,000",WARM,5.04943743457604,13.548909513231342
7820,1/10,WARM,6.458482366318139,14.33822009433145
7826,"1/100,000",WARM,4.955318203618687,13.848246897431675
8038,"1/100,000",WARM,4.123897294569585,12.37984109795848
8048,1/10,WARM,5.364447321875932,14.4068950463263
8051,"1/100,000",WARM,4.490374126731888,14.257442153939394
8078,1/10,WARM,5.028850824182415,13.97395067465359
8137,"1/100,000",WARM,4.6403337805335045,13.166928751578215
8159,1/10,WARM,5.975357233478328,13.567239232175156
8163,1/10,WARM,5.000355020822689,13.073370865661216
8175,1/10,WARM,5.270495042132434,13.71535959702492
8180,1/10,WARM,5.991356453384575,16.825660369863332
8205,"1/100,000",WARM,5.102386962087201,14.570711968809128
8294,"1/100,000",WARM,4.908890218250231,13.38524293312
8452,1/10,WARM,6.156051408976075,14.595880098600714
8467,1/10,WARM,9.555996300503836,18.94833248477677
8615,1/10,WARM,6.495962444699939,15.395690318260264
9024,1/10,WARM,6.78573066518305,15.7215131288717
10722,"1/100,000",WARM,6.447479408927026,16.13203793119979
11124,"1/100,000",WARM,4.634251562066464,14.052846649035788
11419,"1/100,000",WARM,5.113709299758284,13.797637421995482
12206,"1/100,000",WARM,3.8627837827715066,12.764716931097876
12348,"1/100,000",WARM,3.7967180187540186,11.473116396494015
12748,"1/100,000",WARM,5.92028264298701,16.82792252190849
13187,"1/100,000",WARM,5.124151860136415,13.566400842567091
13204,"1/100,000",WARM,5.811338840087997,14.551377545140848
13216,"1/100,000",WARM,5.028331473881377,13.596615958005032
13436,"1/100,000",WARM,6.843177323573218,17.104949077254005
14328,1/10,WARM,8.480860626456746,18.346845539780233
15606,"1/100,000",WARM,4.777588608238068,14.73669653443426
22386,"1/100,000",WARM,4.426141605032588,13.012643024175087
24020,"1/100,000",WARM,5.019816252200323,14.345599169588422
24473,1/10,WARM,5.1523242801306735,13.943153813797476
31210,"1/100,000",WARM,5.723299869786287,16.823321886688653
31266,"1/100,000",WARM,3.8942020976086993,12.811172130015002
33032,1/10,WARM,5.457117013269911,12.791544575172786
61024,"1/100,000",WARM,3.956794066138213,12.08979891762823
61151,"1/100,000",WARM,5.13950499293092,15.782596519824738
61155,"1/100,000",WARM,5.131502925357369,15.585191817475764
61177,"1/100,000",WARM,4.747206275422099,12.933571664171112
61252,"1/100,000",WARM,7.341536017024969,18.77035202025854
61771,1/10,WARM,6.125692954746172,15.131383143827692
62572,"1/100,000",WARM,4.781618589909386,14.512064327275432
520108,"1/100,000",WARM,5.06310000524928,13.907234463977918
638024,1/10,WARM,6.354912466518312,15.475420079095985
641256,"1/100,000",WARM,4.700057972606992,13.05359346544361
778574,1/10,WARM,5.780630530059482,15.012184028226478
1549778,"1/100,000",WARM,5.114866189414088,15.192908438835822
1550470,"1/100,000",WARM,4.720605889782507,14.13154488760012
5352539,"1/100,000",WARM,4.473960627642215,13.20794589842384
5355850,"1/100,000",WARM,5.726384604208267,15.559737160673173
5363233,"1/100,000",WARM,4.847333290207164,12.678120128820863
5367698,"1/100,000",WARM,5.363318528035536,14.598505495688936
6114390,"1/100,000",WARM,6.104922824950611,13.913444496123129
16220109,1/10,WARM,5.525362399536308,14.785957173221195
243,"1/100,000",MUSKY,12.08727600764592,21.581867898592453
454,"1/100,000",MUSKY,9.087440168431725,19.363542473725246
679,1/10,MUSKY,8.655259622566248,21.07276181859412
1030,1/10,MUSKY,7.212381682304854,19.913528813980655
1060,"1/100,000",MUSKY,11.6244733489438,20.405825954582298
2682,1/10,MUSKY,9.188182932209893,18.877086891775512
6137,1/10,MUSKY,10.510005097915837,22.458950677322747
6386,1/10,MUSKY,8.56781267438672,18.56635346226849
6826,"1/100,000",MUSKY,7.960896247969036,16.51959936531448
6989,"1/100,000",MUSKY,7.762525340116655,17.713677153368653
7047,"1/100,000",MUSKY,9.701289084880845,18.99077860033295
7409,"1/100,000",MUSKY,8.345926944703178,17.273756311924007
7601,"1/100,000",MUSKY,8.692415088219521,18.03914263343458
7632,"1/100,000",MUSKY,7.587939833581021,18.692481716201716
7792,"1/100,000",MUSKY,8.038444659655967,19.432676162290925
7820,1/10,MUSKY,6.936931138072066,18.577262495133777
7826,"1/100,000",MUSKY,6.821912179126896,15.40845661054657
8038,"1/100,000",MUSKY,9.08107683819027,18.453910465273907
8048,1/10,MUSKY,7.8051727529190575,17.288522052182763
8051,"1/100,000",MUSKY,6.956003010684816,16.209954845292238
8078,1/10,MUSKY,8.506682423415462,19.99474045355247
8137,"1/100,000",MUSKY,7.229872306095984,17.72742814383657
8159,1/10,MUSKY,5.341167372409428,13.754604984965622
8163,1/10,MUSKY,6.651829437332737,16.26888506169484
8175,1/10,MUSKY,7.3334011915338655,18.102075994938343
8180,1/10,MUSKY,10.224933109982976,24.1330918147751
8205,"1/100,000",MUSKY,6.416285456999081,15.727651392156274
8294,"1/100,000",MUSKY,7.094728923416295,16.670088031981138
8452,1/10,MUSKY,8.673897580762945,18.186916975172736
8467,1/10,MUSKY,5.624385036088219,15.51666301088499
8615,1/10,MUSKY,6.489747346577132,15.382208685166272
9024,1/10,MUSKY,6.119616857357732,16.395454634572538
10722,"1/100,000",MUSKY,8.747579961364321,18.182246319113723
11124,"1/100,000",MUSKY,10.873204374356217,21.755555558761
11419,"1/100,000",MUSKY,6.010613085961691,16.394447619414834
12206,"1/100,000",MUSKY,8.249263858683797,17.352235694457068
12348,"1/100,000",MUSKY,5.646850727490064,12.794066820196692
12748,"1/100,000",MUSKY,8.94856847066349,19.35097364456155
13187,"1/100,000",MUSKY,8.005528162732778,15.928512128660682
13204,"1/100,000",MUSKY,8.8547965808146,18.845597762915965
13216,"1/100,000",MUSKY,7.1395431035369,18.036476626677477
13436,"1/100,000",MUSKY,10.4493004827334,21.23778570043601
14328,1/10,MUSKY,5.103885321838694,15.024879522030442
15606,"1/100,000",MUSKY,5.763912677608539,14.367642550929247
22386,"1/100,000",MUSKY,11.4740484466269,20.812795222238204
24020,"1/100,000",MUSKY,7.518536519726359,15.256889206030191
24473,1/10,MUSKY,3.995374778377079,13.281299283813576
31210,"1/100,000",MUSKY,9.329617089983342,16.95275678344746
31266,"1/100,000",MUSKY,7.3237618575905,16.88377290930734
33032,1/10,MUSKY,8.694363662752728,18.419733947273293
61024,"1/100,000",MUSKY,7.718981067363188,16.833615926832508
61151,"1/100,000",MUSKY,7.696445968591077,17.00734670432697
61155,"1/100,000",MUSKY,7.922272519959233,16.399246522413943
61177,"1/100,000",MUSKY,7.981931959863965,15.676734948860805
61252,"1/100,000",MUSKY,10.74461764715403,23.819605461944835
61771,1/10,MUSKY,5.2956302358955245,15.464941462692355
62572,"1/100,000",MUSKY,8.44120959576033,19.3162809280397
520108,"1/100,000",MUSKY,10.545765176496632,19.05784628819179
638024,1/10,MUSKY,8.87642961958965,18.630568740695654
641256,"1/100,000",MUSKY,10.152006551933104,20.84243558605835
778574,1/10,MUSKY,8.569587881973748,16.825736012718405
1549778,"1/100,000",MUSKY,7.799261697275989,15.377779031386115
1550470,"1/100,000",MUSKY,6.3012773855203275,14.190076607367464
5352539,"1/100,000",MUSKY,7.58120263983998,15.41592605141716
5355850,"1/100,000",MUSKY,9.123634703824436,18.84439008473634
5363233,"1/100,000",MUSKY,7.435537804077111,16.504987168738644
5367698,"1/100,000",MUSKY,8.307351315160423,18.193871544612
6114390,"1/100,000",MUSKY,10.027223480577238,17.78767807325811
16220109,1/10,MUSKY,6.919350920065184,15.847224422136255
243,"1/100,000",SWEATY,7.005139704598454,13.840684364397047
454,"1/100,000",SWEATY,4.375431427233507,13.398104126742698
679,1/10,SWEATY,5.663934428718295,14.427415321162016
1030,1/10,SWEATY,4.219469084044924,14.978315614933154
1060,"1/100,000",SWEATY,6.83441895055308,15.822215691502612
2682,1/10,SWEATY,4.823158393721444,14.87742485402567
6137,1/10,SWEATY,6.843123646994273,16.04815076140509
6386,1/10,SWEATY,5.023764489568333,12.358979228133371
6826,"1/100,000",SWEATY,2.3406675310003027,8.096115068552972
6989,"1/100,000",SWEATY,2.523264124634369,7.787586894296274
7047,"1/100,000",SWEATY,2.988635424732121,10.64608620001578
7409,"1/100,000",SWEATY,3.0295701321842214,10.0815217319209
7601,"1/100,000",SWEATY,4.191709063620758,12.11174488978608
7632,"1/100,000",SWEATY,2.784818254262942,11.538277767119446
7792,"1/100,000",SWEATY,3.6394185915223463,12.58321556423565
7820,1/10,SWEATY,4.091975093548296,13.707982529779365
7826,"1/100,000",SWEATY,3.691399926214876,11.687704291887204
8038,"1/100,000",SWEATY,4.03854860703678,9.73151497082449
8048,1/10,SWEATY,2.956885222477303,8.6898666731786
8051,"1/100,000",SWEATY,2.96025499691976,8.371232468578523
8078,1/10,SWEATY,4.709597874222727,13.459082308497871
8137,"1/100,000",SWEATY,3.309766780695242,11.541145936121016
8159,1/10,SWEATY,2.6412955579018593,8.957063984203746
8163,1/10,SWEATY,3.8242903926505463,11.552854852593974
8175,1/10,SWEATY,3.891845976753229,14.51642592204069
8180,1/10,SWEATY,5.008620769405288,19.13723995938509
8205,"1/100,000",SWEATY,4.41759654931954,11.20324186456847
8294,"1/100,000",SWEATY,2.549428123211341,9.419474431887556
8452,1/10,SWEATY,5.080340983568266,12.793172752631978
8467,1/10,SWEATY,2.1159139509982143,6.987718691559876
8615,1/10,SWEATY,2.6814462648587276,8.012935967192725
9024,1/10,SWEATY,2.3045154078803263,9.230627590815011
10722,"1/100,000",SWEATY,3.370317564244351,9.299499255597787
11124,"1/100,000",SWEATY,5.586810934451002,15.120716849935166
11419,"1/100,000",SWEATY,2.4631309477576866,9.25649741742808
12206,"1/100,000",SWEATY,3.7865098056939592,11.4311434531057
12348,"1/100,000",SWEATY,3.0714088815134715,10.23799065577408
12748,"1/100,000",SWEATY,4.799655872951179,15.05003520776222
13187,"1/100,000",SWEATY,3.648404097535389,10.058941743214074
13204,"1/100,000",SWEATY,3.553176419851273,10.72401998958183
13216,"1/100,000",SWEATY,2.548513330775643,10.592548910598934
13436,"1/100,000",SWEATY,5.657559617622696,14.063509445030206
14328,1/10,SWEATY,1.414055754386491,6.706120425234004
15606,"1/100,000",SWEATY,3.4965277118512126,9.689380360486576
22386,"1/100,000",SWEATY,5.427329618064817,15.134815851527616
24020,"1/100,000",SWEATY,3.238187193886828,9.268016355901752
24473,1/10,SWEATY,1.7037367402068608,7.86134280342644
31210,"1/100,000",SWEATY,4.199778323046892,11.643516541161876
31266,"1/100,000",SWEATY,3.753483615345882,10.406730959509249
33032,1/10,SWEATY,4.918106970710173,13.910261712516512
61024,"1/100,000",SWEATY,4.072896748902343,10.466268071224643
61151,"1/100,000",SWEATY,2.4535772827856506,8.49236048659226
61155,"1/100,000",SWEATY,2.556869093356357,8.383328542660008
61177,"1/100,000",SWEATY,4.023990233821673,11.14649671858695
61252,"1/100,000",SWEATY,5.54752281323931,16.75262394072476
61771,1/10,SWEATY,2.3282587894194595,7.211537498691675
62572,"1/100,000",SWEATY,4.231454262973899,11.541711986174146
520108,"1/100,000",SWEATY,3.975607068808506,12.883977210557568
638024,1/10,SWEATY,4.15612023269309,12.063791006961411
641256,"1/100,000",SWEATY,4.690417680937169,13.196649096076598
778574,1/10,SWEATY,3.29409362101286,10.3933235517961
1549778,"1/100,000",SWEATY,3.127867474460014,10.311045368086267
1550470,"1/100,000",SWEATY,2.9603712981991204,8.976462746792151
5352539,"1/100,000",SWEATY,3.5221372968697904,8.356631044465423
5355850,"1/100,000",SWEATY,4.469664281211395,10.802322914682632
5363233,"1/100,000",SWEATY,3.4628497189489873,10.345573026769758
5367698,"1/100,000",SWEATY,3.731804071172229,11.79724573828298
6114390,"1/100,000",SWEATY,5.395277968675705,12.127805455353949
16220109,1/10,SWEATY,3.0934810514412168,10.083791292155754
243,"1/100,000",AMMONIA/URINOUS,5.974781254286021,15.15827398026409
454,"1/100,000",AMMONIA/URINOUS,3.2151392868476645,11.249985237483886
679,1/10,AMMONIA/URINOUS,5.239885919453976,15.638563609595847
1030,1/10,AMMONIA/URINOUS,3.6698729473699343,13.32646887100988
1060,"1/100,000",AMMONIA/URINOUS,4.60108975250844,12.64854490687821
2682,1/10,AMMONIA/URINOUS,6.239003695098055,20.271524817707128
6137,1/10,AMMONIA/URINOUS,6.5110175752837645,17.34458958191049
6386,1/10,AMMONIA/URINOUS,4.586110028118849,14.804942063212655
6826,"1/100,000",AMMONIA/URINOUS,3.122920044952301,9.852277235535547
6989,"1/100,000",AMMONIA/URINOUS,3.2424910263954656,12.369374317595598
7047,"1/100,000",AMMONIA/URINOUS,2.9413343977349915,10.746702559128456
7409,"1/100,000",AMMONIA/URINOUS,4.041515179606719,14.65298129567311
7601,"1/100,000",AMMONIA/URINOUS,4.304439905215903,13.924220827852997
7632,"1/100,000",AMMONIA/URINOUS,3.370116338873133,13.238253038516325
7792,"1/100,000",AMMONIA/URINOUS,3.7291895441216463,15.0228267390268
7820,1/10,AMMONIA/URINOUS,4.372657763374556,13.109121034326328
7826,"1/100,000",AMMONIA/URINOUS,2.0789585875610137,7.827754125302665
8038,"1/100,000",AMMONIA/URINOUS,3.2653524212204137,10.569699267966252
8048,1/10,AMMONIA/URINOUS,4.523835242377519,11.689922375889989
8051,"1/100,000",AMMONIA/URINOUS,3.7851114206548258,11.056395290964309
8078,1/10,AMMONIA/URINOUS,8.880270898664307,17.215620778812937
8137,"1/100,000",AMMONIA/URINOUS,2.178321846962211,9.433928912668504
8159,1/10,AMMONIA/URINOUS,4.600556535296497,11.782910217258593
8163,1/10,AMMONIA/URINOUS,6.866794251560134,14.206591819417604
8175,1/10,AMMONIA/URINOUS,7.120443093695689,17.263721807984773
8180,1/10,AMMONIA/URINOUS,6.722054870692855,20.522549603290944
8205,"1/100,000",AMMONIA/URINOUS,2.7086260335888848,10.35452626148681
8294,"1/100,000",AMMONIA/URINOUS,2.5239606620814214,9.804623977011932
8452,1/10,AMMONIA/URINOUS,6.771041706027969,16.704515854050793
8467,1/10,AMMONIA/URINOUS,3.2712763546969352,9.716228018977308
8615,1/10,AMMONIA/URINOUS,3.722522881172543,11.080153906402634
9024,1/10,AMMONIA/URINOUS,4.046623743073382,12.695793762389906
10722,"1/100,000",AMMONIA/URINOUS,4.148857338548775,13.474627514988592
11124,"1/100,000",AMMONIA/URINOUS,4.642937946595572,14.356691120040049
11419,"1/100,000",AMMONIA/URINOUS,2.7439380126891706,11.418032339915491
12206,"1/100,000",AMMONIA/URINOUS,3.7371878131308263,11.431864903391872
12348,"1/100,000",AMMONIA/URINOUS,2.3033681118081084,8.404552802672548
12748,"1/100,000",AMMONIA/URINOUS,5.1347831773456685,15.076245470062023
13187,"1/100,000",AMMONIA/URINOUS,3.073126315547645,10.02690295449676
13204,"1/100,000",AMMONIA/URINOUS,3.275262860518795,11.930088533984865
13216,"1/100,000",AMMONIA/URINOUS,3.9162893880772582,15.09601725175246
13436,"1/100,000",AMMONIA/URINOUS,6.462352594464159,15.513155376931891
14328,1/10,AMMONIA/URINOUS,3.0093154209399233,9.95087695923686
15606,"1/100,000",AMMONIA/URINOUS,1.9430736769975792,6.286634555508852
22386,"1/100,000",AMMONIA/URINOUS,4.509975355383843,15.774268930012887
24020,"1/100,000",AMMONIA/URINOUS,2.968066697281547,10.157393011870097
24473,1/10,AMMONIA/URINOUS,4.397248203496374,10.792533747270529
31210,"1/100,000",AMMONIA/URINOUS,3.586558523443618,12.993100433043027
31266,"1/100,000",AMMONIA/URINOUS,2.344669052040569,8.07072819315739
33032,1/10,AMMONIA/URINOUS,5.332968433219909,14.61442437991075
61024,"1/100,000",AMMONIA/URINOUS,2.9826687577040714,10.079338269116056
61151,"1/100,000",AMMONIA/URINOUS,3.1370156798838393,10.207989631224274
61155,"1/100,000",AMMONIA/URINOUS,2.9027220359313475,9.428361357915222
61177,"1/100,000",AMMONIA/URINOUS,3.225386858895654,9.436795892002674
61252,"1/100,000",AMMONIA/URINOUS,7.156158055455688,18.947325804168965
61771,1/10,AMMONIA/URINOUS,5.749676562076198,11.93408309780867
62572,"1/100,000",AMMONIA/URINOUS,3.0630720795904898,10.510472862739173
520108,"1/100,000",AMMONIA/URINOUS,4.528996539326264,13.719465995880585
638024,1/10,AMMONIA/URINOUS,4.587653971392972,11.777188450050309
641256,"1/100,000",AMMONIA/URINOUS,4.4440371088598205,14.73255457506244
778574,1/10,AMMONIA/URINOUS,5.269643506503634,12.20266539121882
1549778,"1/100,000",AMMONIA/URINOUS,3.2263576936813307,11.652429336734206
1550470,"1/100,000",AMMONIA/URINOUS,2.7636104246334825,8.998951052673048
5352539,"1/100,000",AMMONIA/URINOUS,1.9686423122109873,7.612936505025919
5355850,"1/100,000",AMMONIA/URINOUS,3.5415895242608553,11.55010878617059
5363233,"1/100,000",AMMONIA/URINOUS,2.3805470851590873,9.968151185776144
5367698,"1/100,000",AMMONIA/URINOUS,2.984258077359005,10.60405741874936
6114390,"1/100,000",AMMONIA/URINOUS,5.961650940821287,12.130656643276197
16220109,1/10,AMMONIA/URINOUS,4.897021171625971,11.874846052861155
243,"1/100,000",DECAYED,6.073467006312012,15.15521736832624
454,"1/100,000",DECAYED,3.710854087139814,11.999688090247757
679,1/10,DECAYED,7.037358014950707,17.5345997443694
1030,1/10,DECAYED,3.5648017043606797,12.035241727288588
1060,"1/100,000",DECAYED,5.340133212584569,11.53615370185407
2682,1/10,DECAYED,4.662634520145511,12.324899070619866
6137,1/10,DECAYED,10.036395994268537,19.244418960283017
6386,1/10,DECAYED,4.369042776154383,9.983926110070277
6826,"1/100,000",DECAYED,3.3365143568796225,8.406188799537366
6989,"1/100,000",DECAYED,2.9923924411830223,10.651865007147409
7047,"1/100,000",DECAYED,4.101664376570093,10.977142260868028
7409,"1/100,000",DECAYED,3.1670081519381728,10.799134962336913
7601,"1/100,000",DECAYED,2.9021941640926614,9.168130631274884
7632,"1/100,000",DECAYED,2.936494203841787,11.084252979693552
7792,"1/100,000",DECAYED,3.367226632228394,15.371452956021937
7820,1/10,DECAYED,5.032664519937566,12.489807348819276
7826,"1/100,000",DECAYED,2.7001815599515777,8.93585523862496
8038,"1/100,000",DECAYED,3.536925479977821,8.893440942996836
8048,1/10,DECAYED,4.225376517107184,11.209981036370523
8051,"1/100,000",DECAYED,2.7414188022950974,7.494726516189234
8078,1/10,DECAYED,6.500740486125266,14.293376464954555
8137,"1/100,000",DECAYED,2.454666757429662,10.480163525221917
8159,1/10,DECAYED,3.588657626466497,11.260417574345665
8163,1/10,DECAYED,4.08331362759775,11.68329576139352
8175,1/10,DECAYED,4.522884051468135,13.32505930921856
8180,1/10,DECAYED,4.5879779703077235,12.694138688032949
8205,"1/100,000",DECAYED,1.963153858171817,9.523440932123666
8294,"1/100,000",DECAYED,2.1356321075403444,9.257097378522891
8452,1/10,DECAYED,5.3463343122722495,12.46973135084436
8467,1/10,DECAYED,2.876753027737625,8.48412510805493
8615,1/10,DECAYED,2.667271243441908,7.315234140598336
9024,1/10,DECAYED,3.3202164582020357,10.23752434555521
10722,"1/100,000",DECAYED,3.596897267181167,11.093307364645373
11124,"1/100,000",DECAYED,4.714525206465812,14.034845534366276
11419,"1/100,000",DECAYED,2.6092274551409314,9.623229936409595
12206,"1/100,000",DECAYED,2.743321962979162,11.301675739151662
12348,"1/100,000",DECAYED,2.7512512381395062,10.778972376375764
12748,"1/100,000",DECAYED,6.356614855176497,15.04678810741914
13187,"1/100,000",DECAYED,2.926177163602639,10.083586186027109
13204,"1/100,000",DECAYED,3.4151528764446715,10.758479161772106
13216,"1/100,000",DECAYED,2.3375285786933144,12.41754737012524
13436,"1/100,000",DECAYED,7.887998495875832,17.500622669051715
14328,1/10,DECAYED,2.6657407760223895,9.661342954541707
15606,"1/100,000",DECAYED,1.7599911486966755,6.363132489946576
22386,"1/100,000",DECAYED,3.4929639693737933,10.443162532161988
24020,"1/100,000",DECAYED,3.6368421265004023,11.441505524885102
24473,1/10,DECAYED,2.494925788802749,9.648849181483902
31210,"1/100,000",DECAYED,2.8316310866584553,9.966691691901636
31266,"1/100,000",DECAYED,2.529830199587488,11.197712057158714
33032,1/10,DECAYED,4.931088423518566,12.078948971365572
61024,"1/100,000",DECAYED,2.3290884188597074,7.392895148738787
61151,"1/100,000",DECAYED,3.1846636842972784,8.856942933421967
61155,"1/100,000",DECAYED,2.9575955177314466,8.834822467410993
61177,"1/100,000",DECAYED,3.759595332880435,11.501531183187517
61252,"1/100,000",DECAYED,10.88620536254762,23.82504272316739
61771,1/10,DECAYED,2.880353630468339,10.301051822871344
62572,"1/100,000",DECAYED,3.706914568839226,11.705952826888463
520108,"1/100,000",DECAYED,4.412234562962972,11.096355607277872
638024,1/10,DECAYED,4.566681945298851,10.624648615151798
641256,"1/100,000",DECAYED,4.50764351277537,12.202939903036754
778574,1/10,DECAYED,3.5856525955069043,11.98517057113948
1549778,"1/100,000",DECAYED,2.8979474382892563,8.863820809009804
1550470,"1/100,000",DECAYED,2.957860656036026,10.905990268141684
5352539,"1/100,000",DECAYED,2.9669411608948932,9.358311950817669
5355850,"1/100,000",DECAYED,2.848898343715798,9.112814884289325
5363233,"1/100,000",DECAYED,2.716043155615019,10.321816045345615
5367698,"1/100,000",DECAYED,2.1767139072573074,8.024090380106504
6114390,"1/100,000",DECAYED,3.282436001308635,8.603058984934945
16220109,1/10,DECAYED,3.4415461724382137,10.398687751953046
243,"1/100,000",WOOD,2.6878979178678013,10.054114129091433
454,"1/100,000",WOOD,4.063135529451542,13.83404425028932
679,1/10,WOOD,3.393065395106829,11.049015237222315
1030,1/10,WOOD,3.9213097631893543,10.621596238852842
1060,"1/100,000",WOOD,3.03503195051522,10.810788762918632
2682,1/10,WOOD,4.864346636063075,14.678189154367132
6137,1/10,WOOD,2.9937271498275693,10.91966812841176
6386,1/10,WOOD,3.764207014013045,10.6832795268718
6826,"1/100,000",WOOD,4.174653661943754,11.064110010919022
6989,"1/100,000",WOOD,5.4268823039075755,17.489775879436756
7047,"1/100,000",WOOD,4.545770450142285,14.240841802031056
7409,"1/100,000",WOOD,3.776947661369336,11.897917379427987
7601,"1/100,000",WOOD,3.813953418844579,12.11320368042196
7632,"1/100,000",WOOD,3.907666836904738,14.183454124588412
7792,"1/100,000",WOOD,4.078650166261382,13.014337384347773
7820,1/10,WOOD,2.146612857804963,9.296164173155374
7826,"1/100,000",WOOD,3.1855304673307434,10.341025937157408
8038,"1/100,000",WOOD,4.35833495744246,11.313154833021152
8048,1/10,WOOD,2.8441968780627827,10.909665904178246
8051,"1/100,000",WOOD,3.478155607330006,12.613658772362692
8078,1/10,WOOD,3.3212311190082295,11.10243424508775
8137,"1/100,000",WOOD,3.2369472467503586,11.410092730305765
8159,1/10,WOOD,2.421588387996617,9.3655340705188
8163,1/10,WOOD,4.113173632080089,10.42845737498822
8175,1/10,WOOD,3.9218327286954904,12.595805664312676
8180,1/10,WOOD,5.293268709752682,18.33593379396325
8205,"1/100,000",WOOD,3.638057117641394,11.782284631487864
8294,"1/100,000",WOOD,3.144209751021756,13.257307593386036
8452,1/10,WOOD,3.338019130240287,10.809992296293458
8467,1/10,WOOD,2.758352081881396,11.554819654128355
8615,1/10,WOOD,2.8117409177505523,7.6161240333937315
9024,1/10,WOOD,3.7191650264799057,12.223243527952386
10722,"1/100,000",WOOD,3.433088374771359,9.539609465267272
11124,"1/100,000",WOOD,3.162620940372751,9.567273666856236
11419,"1/100,000",WOOD,3.991658986873803,11.216215230919536
12206,"1/100,000",WOOD,3.166529278209528,8.079495758517577
12348,"1/100,000",WOOD,2.477081468877573,6.673071956655218
12748,"1/100,000",WOOD,2.9322148465697717,11.972416418755902
13187,"1/100,000",WOOD,3.548192507300164,11.808671527448835
13204,"1/100,000",WOOD,3.399461380648209,10.704325818230355
13216,"1/100,000",WOOD,3.6998061202813854,13.062393654989869
13436,"1/100,000",WOOD,4.427904088823506,13.213281382542098
14328,1/10,WOOD,3.1078863133981014,13.060002038296544
15606,"1/100,000",WOOD,3.2434827261104124,12.50504287465202
22386,"1/100,000",WOOD,3.229780393905399,9.471720749681683
24020,"1/100,000",WOOD,2.471550344220115,8.774829282341734
24473,1/10,WOOD,2.75853399788781,7.87195970534023
31210,"1/100,000",WOOD,4.2067805845127975,12.2256727392945
31266,"1/100,000",WOOD,2.8321501329624654,10.281422723919084
33032,1/10,WOOD,3.138032711317666,13.407832266919714
61024,"1/100,000",WOOD,4.5804426852039155,14.78437864690482
61151,"1/100,000",WOOD,3.6939736972420367,11.381585772396775
61155,"1/100,000",WOOD,4.033751399557335,12.320166463499108
61177,"1/100,000",WOOD,3.0834421026807473,9.7937118998596
61252,"1/100,000",WOOD,2.9650668519150334,9.463588109708594
61771,1/10,WOOD,3.27807848082907,10.263109415719288
62572,"1/100,000",WOOD,3.2088174121422055,9.611646687775226
520108,"1/100,000",WOOD,4.41896501147623,13.824132522988888
638024,1/10,WOOD,3.852647052905507,11.23692736269313
641256,"1/100,000",WOOD,4.285617274610125,12.25147563634384
778574,1/10,WOOD,3.842763999221008,11.35649055732433
1549778,"1/100,000",WOOD,3.996139502252964,13.357965904594394
1550470,"1/100,000",WOOD,2.912080222502577,8.292078659567135
5352539,"1/100,000",WOOD,3.5829578843423517,9.39088761281543
5355850,"1/100,000",WOOD,4.562875750562032,12.372321704653864
5363233,"1/100,000",WOOD,3.4919660195171556,11.40464854983069
5367698,"1/100,000",WOOD,4.484827524623106,13.897880474386202
6114390,"1/100,000",WOOD,4.564806929820524,12.499794326047802
16220109,1/10,WOOD,3.351246777148676,11.9663209810553
243,"1/100,000",GRASS,2.9265402796058506,10.086007966639729
454,"1/100,000",GRASS,3.6779064683004985,11.016777911344166
679,1/10,GRASS,2.733470635260744,9.332263034773224
1030,1/10,GRASS,2.688826221912024,9.062760548389036
1060,"1/100,000",GRASS,3.0596407937228314,11.252175288882134
2682,1/10,GRASS,2.9752183893262885,13.679862370332389
6137,1/10,GRASS,2.8718624078439916,10.895852511859458
6386,1/10,GRASS,2.5559358127618723,10.182050642031392
6826,"1/100,000",GRASS,3.6152745212271102,11.136292775135994
6989,"1/100,000",GRASS,3.9764931692629624,13.63921535138427
7047,"1/100,000",GRASS,3.601620159364497,11.542598307433478
7409,"1/100,000",GRASS,3.7963296794105146,12.190667863782751
7601,"1/100,000",GRASS,4.631579201492091,13.00583395009161
7632,"1/100,000",GRASS,4.904371501899323,11.819053787247544
7792,"1/100,000",GRASS,4.411545230485487,13.45396995972584
7820,1/10,GRASS,2.780363107731396,10.743484597284926
7826,"1/100,000",GRASS,4.667173379417136,12.937465483634329
8038,"1/100,000",GRASS,5.18271811815227,14.681175395388466
8048,1/10,GRASS,3.502660411190244,12.16208678841526
8051,"1/100,000",GRASS,3.206102438352362,11.715779172096784
8078,1/10,GRASS,2.570490311132566,11.6867758149202
8137,"1/100,000",GRASS,4.363179719051793,10.706818583487
8159,1/10,GRASS,3.4587830843058187,12.950768129663798
8163,1/10,GRASS,3.3192183944798397,11.165586211915526
8175,1/10,GRASS,3.1543970825706267,12.503455389587188
8180,1/10,GRASS,2.678128021961768,8.644051164836897
8205,"1/100,000",GRASS,4.833427432225165,10.785555014937486
8294,"1/100,000",GRASS,3.6758872699777903,13.21224248557386
8452,1/10,GRASS,2.170970206666902,8.592012286060248
8467,1/10,GRASS,2.657673758441332,9.563184404024454
8615,1/10,GRASS,3.3941976964581517,13.829613999455283
9024,1/10,GRASS,3.064569360615337,12.705974147008012
10722,"1/100,000",GRASS,3.2833831408090033,11.01259679307865
11124,"1/100,000",GRASS,3.2196014600617713,9.303293231451812
11419,"1/100,000",GRASS,3.771149933056567,11.819204659550914
12206,"1/100,000",GRASS,3.7600023088562295,10.963030260191648
12348,"1/100,000",GRASS,4.863778827459084,13.82438847764274
12748,"1/100,000",GRASS,2.9095280083812622,10.641856515944378
13187,"1/100,000",GRASS,3.471977336010326,8.552648461841958
13204,"1/100,000",GRASS,3.7306123033058474,12.981365349632693
13216,"1/100,000",GRASS,4.729121834933121,13.294153839745142
13436,"1/100,000",GRASS,3.370502172718025,11.373311392576149
14328,1/10,GRASS,2.8398141711989733,10.750406506869712
15606,"1/100,000",GRASS,4.936109502009059,11.566674872253216
22386,"1/100,000",GRASS,3.245936592096296,11.209171348358757
24020,"1/100,000",GRASS,3.7523390460069215,14.099655029202774
24473,1/10,GRASS,4.680102855180807,12.507192831925682
31210,"1/100,000",GRASS,5.173857611818095,14.05281560086181
31266,"1/100,000",GRASS,5.0300575706257975,12.70682995147207
33032,1/10,GRASS,2.57028391009267,12.053867387352456
61024,"1/100,000",GRASS,6.464043571587192,16.337799388936492
61151,"1/100,000",GRASS,3.1926626607407615,10.5502693853428
61155,"1/100,000",GRASS,3.9587421995902066,10.360209504685391
61177,"1/100,000",GRASS,5.006304310702472,13.230981472200549
61252,"1/100,000",GRASS,2.110729873398129,7.340986496101172
61771,1/10,GRASS,4.633489907223148,13.376263783798152
62572,"1/100,000",GRASS,4.402112958477509,12.747057021316792
520108,"1/100,000",GRASS,3.353401018569878,11.678682199828508
638024,1/10,GRASS,3.032506057428258,11.297169514229964
641256,"1/100,000",GRASS,3.893539493166871,13.908284720996324
778574,1/10,GRASS,2.494942735125048,12.378035594500057
1549778,"1/100,000",GRASS,4.2585084699412405,12.658554826741709
1550470,"1/100,000",GRASS,4.581966272746778,12.20929480862764
5352539,"1/100,000",GRASS,4.702597779890999,13.872059021276492
5355850,"1/100,000",GRASS,4.416152541295548,14.421795387168034
5363233,"1/100,000",GRASS,3.938082627510884,11.508734584440315
5367698,"1/100,000",GRASS,5.261061495670653,14.993234456371532
6114390,"1/100,000",GRASS,3.5789023581712227,13.654355943414952
16220109,1/10,GRASS,4.310856932292658,13.950665265262185
243,"1/100,000",FLOWER,4.356659048220326,13.776203807230235
454,"1/100,000",FLOWER,6.186460921562896,13.705990058044488
679,1/10,FLOWER,4.061886168871983,11.032382118281468
1030,1/10,FLOWER,4.8922874764183,12.939271267350492
1060,"1/100,000",FLOWER,3.8333867394383336,12.0254389061747
2682,1/10,FLOWER,4.6320264613061335,11.707106799689184
6137,1/10,FLOWER,4.408702996846724,7.8831880151005
6386,1/10,FLOWER,4.6690274380915255,11.97351976532971
6826,"1/100,000",FLOWER,9.281257929308126,21.599446240785404
6989,"1/100,000",FLOWER,7.445303285700175,16.89622666598873
7047,"1/100,000",FLOWER,5.488033270343028,16.457030293319292
7409,"1/100,000",FLOWER,8.304623957787497,18.059788523449303
7601,"1/100,000",FLOWER,6.636377023252847,18.34720014612475
7632,"1/100,000",FLOWER,7.983475309331834,18.292551616308035
7792,"1/100,000",FLOWER,7.516129029544443,15.881756018767636
7820,1/10,FLOWER,6.852872075262289,14.080564092764922
7826,"1/100,000",FLOWER,7.798160278167896,20.58101898432894
8038,"1/100,000",FLOWER,6.421616449157092,18.579170233570935
8048,1/10,FLOWER,7.590555604966928,20.06974315091211
8051,"1/100,000",FLOWER,6.599198176955548,16.28469627590517
8078,1/10,FLOWER,4.012630490735819,14.762312898957736
8137,"1/100,000",FLOWER,7.180519138195737,16.798013609080865
8159,1/10,FLOWER,8.387061253856325,17.139664435292595
8163,1/10,FLOWER,6.080331203712607,18.10990523685336
8175,1/10,FLOWER,5.258772673131161,16.213514891849673
8180,1/10,FLOWER,4.817871902249628,11.969947892152868
8205,"1/100,000",FLOWER,7.817614907745178,17.609621680143285
8294,"1/100,000",FLOWER,8.575317545937681,17.23240984293627
8452,1/10,FLOWER,4.347674160429601,13.433941491122429
8467,1/10,FLOWER,6.730506972332076,18.23468589500247
8615,1/10,FLOWER,9.55109810369629,24.85932795857588
9024,1/10,FLOWER,9.243916206524746,19.90682166307388
10722,"1/100,000",FLOWER,6.120489172878304,16.072873072364374
11124,"1/100,000",FLOWER,5.666317043929237,13.781196137005145
11419,"1/100,000",FLOWER,6.32090567978969,17.419949126147547
12206,"1/100,000",FLOWER,7.363020820602291,16.249565971293215
12348,"1/100,000",FLOWER,8.297125524076925,19.698587883717295
12748,"1/100,000",FLOWER,3.819222337748879,11.670274491129756
13187,"1/100,000",FLOWER,6.246364280969151,15.732319832476136
13204,"1/100,000",FLOWER,5.204459184930655,17.01215206824929
13216,"1/100,000",FLOWER,8.734856778443463,16.992960289981735
13436,"1/100,000",FLOWER,2.3402283732453397,9.246512147674888
14328,1/10,FLOWER,8.537057503752292,18.5263852577206
15606,"1/100,000",FLOWER,9.03115506763216,20.54511570234229
22386,"1/100,000",FLOWER,5.301226619075468,16.47742481143341
24020,"1/100,000",FLOWER,7.260942486888757,17.634866523667366
24473,1/10,FLOWER,6.976481100448101,18.04211935455579
31210,"1/100,000",FLOWER,6.481609115558666,18.09780783928768
31266,"1/100,000",FLOWER,7.522969664677894,17.9034247599762
33032,1/10,FLOWER,4.74646815333514,12.78916390224802
61024,"1/100,000",FLOWER,6.513455510519761,15.792530284509128
61151,"1/100,000",FLOWER,8.922444727301055,21.287979334158745
61155,"1/100,000",FLOWER,8.021921227737,17.35645454339371
61177,"1/100,000",FLOWER,6.172350078936879,16.916791219653383
61252,"1/100,000",FLOWER,2.921198584072757,6.924765321058744
61771,1/10,FLOWER,7.034441951298873,18.776454847486654
62572,"1/100,000",FLOWER,7.054192534077078,16.497670746759432
520108,"1/100,000",FLOWER,3.609417235294279,13.027654163799916
638024,1/10,FLOWER,8.168231225991759,18.566585779540052
641256,"1/100,000",FLOWER,6.745539697175161,18.17218783088674
778574,1/10,FLOWER,7.8762694658793375,17.970927208175002
1549778,"1/100,000",FLOWER,7.39321018662066,20.28702032347764
1550470,"1/100,000",FLOWER,8.78850740892451,18.125409932215906
5352539,"1/100,000",FLOWER,8.012047011905977,20.859659789151664
5355850,"1/100,000",FLOWER,7.24222064410733,18.471004256593336
5363233,"1/100,000",FLOWER,7.542032388843613,16.979153376092423
5367698,"1/100,000",FLOWER,6.381699218191895,19.370091004244586
6114390,"1/100,000",FLOWER,6.792214534363451,17.98719919108477
16220109,1/10,FLOWER,8.43740228248854,19.467969294532327
243,"1/100,000",CHEMICAL,14.336272744033336,24.52906769539551
454,"1/100,000",CHEMICAL,11.605327772956572,22.02739207867793
679,1/10,CHEMICAL,13.969602184131016,21.893414533237458
1030,1/10,CHEMICAL,13.209454796091732,22.573827224380867
1060,"1/100,000",CHEMICAL,10.237508815624071,22.416833065610604
2682,1/10,CHEMICAL,20.14942091390761,30.942250802817583
6137,1/10,CHEMICAL,14.53400721877923,23.146887355375924
6386,1/10,CHEMICAL,14.736518158819235,25.82771062048591
6826,"1/100,000",CHEMICAL,10.226449739458142,21.12794756499253
6989,"1/100,000",CHEMICAL,12.326399079723888,25.689377397538298
7047,"1/100,000",CHEMICAL,11.19641887363583,23.720075005386192
7409,"1/100,000",CHEMICAL,14.3273983210437,26.70182201905469
7601,"1/100,000",CHEMICAL,8.856688136998493,21.16907501197171
7632,"1/100,000",CHEMICAL,11.132708475339609,23.929377362551595
7792,"1/100,000",CHEMICAL,11.754011792579222,25.39551432983654
7820,1/10,CHEMICAL,13.99760694257037,22.787737007369664
7826,"1/100,000",CHEMICAL,9.616360379795946,19.818385910395808
8038,"1/100,000",CHEMICAL,10.2874657949728,21.80060887790254
8048,1/10,CHEMICAL,17.71820402665229,24.571111870119868
8051,"1/100,000",CHEMICAL,14.924409948805788,24.831495458937205
8078,1/10,CHEMICAL,23.755690388491715,25.1871207529688
8137,"1/100,000",CHEMICAL,9.646961567838373,21.14684278274747
8159,1/10,CHEMICAL,17.78845656637124,24.18560026283258
8163,1/10,CHEMICAL,25.00875951070096,25.39623333055241
8175,1/10,CHEMICAL,25.23598256888048,27.76450062674925
8180,1/10,CHEMICAL,22.527971304105566,32.04787591469308
8205,"1/100,000",CHEMICAL,9.349553510069144,21.16234524617759
8294,"1/100,000",CHEMICAL,9.223464783653004,20.55602004658796
8452,1/10,CHEMICAL,20.067670390783793,25.55559662445544
8467,1/10,CHEMICAL,12.12829184031884,20.122798703319656
8615,1/10,CHEMICAL,16.30886698109702,26.485346818585384
9024,1/10,CHEMICAL,16.45268851772431,23.783376299364395
10722,"1/100,000",CHEMICAL,16.1472011585891,25.94559254355278
11124,"1/100,000",CHEMICAL,9.838277187727542,22.58658167602279
11419,"1/100,000",CHEMICAL,10.553261193509265,24.50281139511808
12206,"1/100,000",CHEMICAL,11.963544413368991,24.034034989264924
12348,"1/100,000",CHEMICAL,9.643470750399006,20.00591378394525
12748,"1/100,000",CHEMICAL,11.534542164365265,21.838801551930665
13187,"1/100,000",CHEMICAL,11.115703405038392,21.71526161149798
13204,"1/100,000",CHEMICAL,11.27383303151892,21.27928037522721
13216,"1/100,000",CHEMICAL,12.03023272107614,24.359684126862184
13436,"1/100,000",CHEMICAL,11.99253621406041,22.26905325722151
14328,1/10,CHEMICAL,12.484427195807196,22.51881946017668
15606,"1/100,000",CHEMICAL,8.800219044602583,20.249502225762356
22386,"1/100,000",CHEMICAL,13.567582129852214,24.649588079909183
24020,"1/100,000",CHEMICAL,10.509680128690745,22.24518563406452
24473,1/10,CHEMICAL,19.373498751595953,24.147794128603927
31210,"1/100,000",CHEMICAL,8.120779278345454,21.38537115189269
31266,"1/100,000",CHEMICAL,8.715910116476309,20.21403432031709
33032,1/10,CHEMICAL,14.020698667052724,21.60534238096632
61024,"1/100,000",CHEMICAL,9.326398219773138,20.49038809883848
61151,"1/100,000",CHEMICAL,10.710212344089191,21.597866084451844
61155,"1/100,000",CHEMICAL,9.79799934411644,20.908466021441697
61177,"1/100,000",CHEMICAL,10.931904488549254,21.458756409445044
61252,"1/100,000",CHEMICAL,10.338608583035557,21.611417096321784
61771,1/10,CHEMICAL,24.825571012377605,24.72629255082127
62572,"1/100,000",CHEMICAL,9.9252573608114,21.540502828491164
520108,"1/100,000",CHEMICAL,11.877350918878571,22.11686938309388
638024,1/10,CHEMICAL,16.914367271646658,23.78926840087394
641256,"1/100,000",CHEMICAL,11.643515341497228,22.014819601477416
778574,1/10,CHEMICAL,20.07367737654311,24.61855536862984
1549778,"1/100,000",CHEMICAL,9.870355132639013,22.68714180051268
1550470,"1/100,000",CHEMICAL,9.810656199608609,19.702002011473873
5352539,"1/100,000",CHEMICAL,9.213956574400145,20.808561118990905
5355850,"1/100,000",CHEMICAL,8.168786977118499,20.23023744176268
5363233,"1/100,000",CHEMICAL,9.996203503785004,21.44245810906848
5367698,"1/100,000",CHEMICAL,8.229254399278085,19.74541826323707
6114390,"1/100,000",CHEMICAL,10.102744541499112,22.0250632124661
16220109,1/10,CHEMICAL,17.942272482679524,22.84179001262989
